time,sensorValue1,sensorValue2,sensorValue3,sensorValue4,sensorValue5,xPos,yPos,theta,rawAngle1,rawAngle2,xGyro,yGyro,zGyro,xAccel,yAccel,zAccel,Temp,Frame
0,1302,1724,1783,1331,1482,0.010257173,0.6520379,0.6493438,4006,1014,-109.32061,0.24427481,15.687023,-0.1239624,0.001953125,-1.749939,36.53,1
0,1267,1750,1853,1341,1459,0.011191839,0.6527475,0.6354065,4058,1013,-109.32061,0.24427481,15.687023,-0.1239624,0.001953125,-1.734314,36.53,0
0,1254,1770,1880,1343,1440,0.011784445,0.65318453,0.62751746,4089,1014,-109.32061,0.24427481,15.687023,-0.2489624,0.001953125,-1.812439,36.53,0
0,263,407,308,262,297,0.01215592,0.6534965,0.6219951,14,1014,-109.32061,0.24427481,15.687023,-0.4989624,0.001953125,-1.906189,36.53,0
0,264,408,309,262,298,0.01215592,0.6534965,0.6219951,14,1014,-109.32061,0.24427481,15.687023,-0.4989624,0.001953125,-1.906189,36.53,0
0,264,408,309,262,297,0.01215592,0.6534965,0.6219951,14,1014,-109.32061,0.24427481,15.687023,-0.4989624,0.001953125,-1.906189,36.53,0
0,265,407,309,261,296,0.01215592,0.6534965,0.6219951,14,1014,-109.32061,0.24427481,15.687023,-0.4989624,0.001953125,-1.906189,36.53,0
0,264,408,310,261,297,0.01215592,0.6534965,0.6219951,14,1014,-109.32061,0.24427481,15.687023,-0.4989624,0.001953125,-1.906189,36.53,0
0,264,407,309,262,297,0.01215592,0.6534965,0.6219951,14,1014,-109.32061,0.24427481,15.687023,-0.4989624,0.001953125,-1.906189,36.53,0
0,265,408,309,262,297,0.01215592,0.6534965,0.6219951,14,1014,-109.32061,0.24427481,15.687023,-0.4989624,0.001953125,-1.906189,36.53,0
0,263,408,309,263,298,0.01215592,0.6534965,0.6219951,14,1014,-109.32061,0.24427481,15.687023,-0.4989624,0.001953125,-1.906189,36.53,0
0,264,408,309,262,297,0.01215592,0.6534965,0.6219951,14,1014,-109.32061,0.24427481,15.687023,-0.4989624,0.001953125,-1.906189,36.53,0
0,264,403,309,262,296,0.012155913,0.6534965,0.6219951,14,1014,-109.32061,0.24427481,15.687023,-0.3739624,0.001953125,-1.874939,36.53,0
0,264,403,308,261,296,0.012174613,0.6535099,0.62225807,14,1015,-109.32061,0.24427481,15.687023,-0.3739624,0.001953125,-1.874939,36.53,0
0,264,402,307,261,296,0.01219331,0.6535233,0.6219951,15,1015,-109.32061,0.24427481,15.687023,-0.3739624,0.001953125,-1.859314,36.53,0
0,263,402,308,261,296,0.012155909,0.6534965,0.6219951,14,1014,-109.32061,0.24427481,15.687023,-0.4989624,0.001953125,-1.890564,36.53,0
0,264,403,309,261,296,0.012155909,0.6534965,0.6219951,14,1014,-109.32061,0.24427481,15.687023,-0.3739624,0.001953125,-1.874939,36.53,0
0,263,387,319,261,293,0.013016127,0.65411323,0.60989857,60,1014,-109.32061,0.24427481,15.687023,-0.3739624,0.001953125,-1.874939,36.53,1
1,272,625,615,280,317,0.015562389,0.6558925,0.57439786,195,1014,-109.32061,0.24427481,15.687023,-0.4989624,0.001953125,-1.906189,36.53,1
1,291,929,1030,300,364,0.02023713,0.65891796,0.5107596,437,1014,-109.32061,0.24427481,15.687023,-0.3739624,0.001953125,-1.874939,36.53,1
1,337,1242,1337,436,515,0.028326573,0.66345096,0.40478343,840,1014,-109.32061,0.24427481,15.687023,-0.2489624,0.001953125,-1.812439,36.53,2
1,541,1609,1702,937,653,0.038140286,0.6676556,0.28276622,1304,1014,-109.32061,0.24427481,15.687023,-0.2489624,0.001953125,-1.796814,36.53,1
1,817,1739,1782,1208,870,0.04589596,0.669909,0.1904644,1655,1014,-109.32061,0.24427481,15.687023,-0.3739624,0.001953125,-1.828064,36.53,1
1,1105,1867,1855,1451,1149,0.05120546,0.67093265,0.1286669,1890,1014,-109.32061,0.24427481,15.687023,-0.2489624,0.001953125,-1.765564,36.53,2
1,1418,1866,1759,1608,1495,0.05586064,0.67153496,0.07502139,2094,1014,-109.32061,0.24427481,15.687023,-0.2489624,0.001953125,-1.765564,36.53,1
1,1481,1666,1508,1517,1649,0.06102326,0.671923,0.015327629,2320,1013,-109.32061,0.24427481,15.687023,-0.2489624,0.001953125,-1.781189,36.53,2
1,1487,1617,1602,1454,1716,0.06813243,0.67203194,-0.06592953,2629,1013,-109.32061,0.24427481,15.687023,-0.1239624,0.001953125,-1.718689,36.53,1
1,1461,1640,1739,1349,1734,0.076903045,0.6714529,-0.16585742,3010,1014,-109.32061,0.24427481,15.687023,-0.1239624,0.001953125,-1.749939,36.53,2
1,1346,1687,1718,1265,1698,0.08450552,0.67018026,-0.25395176,3345,1014,-109.32061,0.24427481,15.687023,-0.1239624,0.001953125,-1.749939,36.53,2
1,1262,1711,1673,1235,1629,0.089717105,0.6688276,-0.3154863,3579,1014,-109.32061,0.24427481,15.687023,-0.1239624,0.001953125,-1.749939,36.53,2
1,1229,1753,1641,1277,1605,0.0928451,0.6678067,-0.35309076,3722,1014,-109.32061,0.24427481,15.687023,-0.2489624,0.001953125,-1.765564,36.53,1
1,1274,1817,1624,1388,1607,0.09489617,0.6670508,-0.37807274,3817,1014,-109.32061,0.24427481,15.687023,-0.2489624,0.001953125,-1.781189,36.53,2
1,1318,1855,1643,1463,1639,0.09626479,0.6665072,-0.3949027,3881,1014,-109.32061,0.24427481,15.687023,-0.1239624,0.001953125,-1.749939,36.53,2
1,1334,1868,1669,1501,1665,0.09702938,0.6661885,-0.40489548,3918,1013,-109.32061,0.24427481,15.687023,-0.1239624,0.001953125,-1.749939,36.53,2
2,1339,1877,1683,1519,1679,0.09730432,0.66607064,-0.40778813,3930,1014,-109.32061,0.24427481,15.687023,-0.1239624,0.001953125,-1.749939,36.53,1
2,1334,1871,1676,1514,1675,0.09726208,0.6660889,-0.4072622,3928,1014,-109.32061,0.24427481,15.687023,-0.1239624,0.001953125,-1.749939,36.53,2
2,1337,1873,1677,1515,1676,0.09728321,0.66607976,-0.40752518,3929,1014,-109.32061,0.24427481,15.687023,-0.1239624,0.001953125,-1.749939,36.53,2
2,1338,1875,1679,1517,1677,0.09728321,0.66607976,-0.40752518,3929,1014,-109.32061,0.24427481,15.687023,-0.1239624,0.001953125,-1.718689,36.53,2
2,1339,1874,1678,1517,1679,0.09728321,0.66607976,-0.40752518,3929,1014,-109.32061,0.24427481,15.687023,-0.1239624,0.001953125,-1.718689,36.53,1
2,1338,1874,1677,1517,1678,0.09728321,0.66607976,-0.40752518,3929,1014,-109.32061,0.24427481,15.687023,-0.1239624,0.001953125,-1.718689,36.53,2
2,1339,1873,1677,1518,1678,0.09728321,0.66607976,-0.40752518,3929,1014,-109.32061,0.24427481,15.687023,-0.1239624,0.001953125,-1.718689,36.53,2
2,1339,1875,1676,1519,1680,0.09728321,0.66607976,-0.40752518,3929,1014,-109.32061,0.24427481,15.687023,-0.1239624,0.001953125,-1.718689,36.53,2
2,1338,1874,1676,1518,1679,0.09728321,0.66607976,-0.40752518,3929,1014,-109.32061,0.24427481,15.687023,-0.1239624,0.001953125,-1.718689,36.53,1
2,1340,1875,1674,1518,1679,0.09728321,0.66607976,-0.40752518,3929,1014,-109.32061,0.24427481,15.687023,-0.1239624,0.001953125,-1.718689,36.53,2
2,1340,1874,1674,1519,1679,0.09728321,0.66607976,-0.40752518,3929,1014,-109.32061,0.24427481,15.687023,-0.1239624,0.001953125,-1.718689,36.53,2
2,1342,1876,1675,1521,1697,0.09728321,0.66607976,-0.40752518,3929,1014,-109.32061,0.24427481,15.687023,-0.1239624,0.001953125,-1.718689,36.53,2
2,1375,1874,1675,1521,1682,0.09728321,0.66607976,-0.40752518,3929,1014,-109.32061,0.24427481,15.687023,-0.1239624,0.001953125,-1.718689,36.53,1
2,1341,1874,1674,1522,1680,0.09728321,0.66607976,-0.40752518,3929,1014,-109.32061,0.24427481,15.687023,-0.1239624,0.001953125,-1.718689,36.53,2
2,1343,1874,1674,1521,1681,0.09728321,0.66607976,-0.40752518,3929,1014,-109.32061,0.24427481,15.687023,-0.1239624,0.001953125,-1.718689,36.53,2
3,1342,1874,1673,1521,1683,0.097240955,0.666098,-0.40752518,3928,1013,-109.32061,0.24427481,15.687023,-0.1239624,0.001953125,-1.718689,36.53,1
3,1342,1875,1673,1523,1682,0.09728321,0.66607976,-0.40752518,3929,1014,-109.32061,0.24427481,15.687023,-0.1239624,0.001953125,-1.718689,36.53,2
3,1343,1874,1673,1522,1683,0.09728321,0.66607976,-0.40752518,3929,1014,-109.32061,0.24427481,15.687023,-0.1239624,0.001953125,-1.718689,36.53,2
3,1345,1875,1672,1522,1683,0.09728321,0.66607976,-0.40752518,3929,1014,-109.32061,0.24427481,15.687023,-0.1239624,0.001953125,-1.718689,36.53,1
3,1344,1874,1673,1522,1684,0.09728321,0.66607976,-0.40752518,3929,1014,-109.32061,0.24427481,15.687023,-0.1239624,0.001953125,-1.718689,36.53,2
3,1345,1874,1672,1523,1687,0.09728321,0.66607976,-0.40752518,3929,1014,-109.32061,0.24427481,15.687023,-0.1239624,0.001953125,-1.718689,36.53,2
3,1345,1875,1671,1523,1684,0.09728321,0.66607976,-0.40752518,3929,1014,-109.32061,0.24427481,15.687023,-0.1239624,0.001953125,-1.718689,36.53,1
3,1345,1874,1672,1523,1684,0.09728321,0.66607976,-0.40752518,3929,1014,-109.32061,0.24427481,15.687023,-0.1239624,0.001953125,-1.718689,36.53,2
3,1345,1874,1672,1523,1685,0.09728321,0.66607976,-0.40752518,3929,1014,-109.32061,0.24427481,15.687023,-0.1239624,0.001953125,-1.718689,36.53,2
3,1346,1875,1671,1525,1685,0.097262084,0.6660889,-0.40778816,3929,1013,-109.32061,0.24427481,15.687023,-0.1239624,0.001953125,-1.718689,36.53,1
3,1346,1874,1670,1524,1685,0.09728321,0.66607976,-0.40752518,3929,1014,-109.32061,0.24427481,15.687023,-0.1239624,0.001953125,-1.749939,36.53,2
3,1347,1875,1671,1525,1686,0.09728321,0.66607976,-0.40752518,3929,1014,-109.32061,0.24427481,15.687023,-0.1239624,0.001953125,-1.718689,36.53,2
3,1346,1875,1670,1524,1685,0.09728321,0.66607976,-0.40752518,3929,1014,-109.32061,0.24427481,15.687023,-0.1239624,0.001953125,-1.718689,36.53,1
3,1346,1875,1671,1525,1687,0.09728321,0.66607976,-0.40752518,3929,1014,-109.32061,0.24427481,15.687023,-0.1239624,0.001953125,-1.718689,36.53,2
3,1347,1874,1670,1525,1686,0.09728321,0.66607976,-0.40752518,3929,1014,-109.32061,0.24427481,15.687023,-0.1239624,0.001953125,-1.718689,36.53,2
4,1347,1874,1670,1526,1687,0.09728321,0.66607976,-0.40752518,3929,1014,-109.32061,0.24427481,15.687023,-0.1239624,0.001953125,-1.718689,36.53,1
4,1347,1874,1670,1525,1687,0.097262084,0.6660889,-0.40778816,3929,1013,-109.32061,0.24427481,15.687023,-0.1239624,0.001953125,-1.718689,36.53,2
4,1348,1875,1670,1526,1688,0.09728321,0.66607976,-0.40752518,3929,1014,-109.32061,0.24427481,15.687023,-0.1239624,0.001953125,-1.749939,36.53,1
4,1348,1874,1669,1526,1686,0.09728321,0.66607976,-0.40752518,3929,1014,-109.32061,0.24427481,15.687023,-0.1239624,0.001953125,-1.718689,36.53,2
4,1348,1874,1669,1526,1686,0.09728321,0.66607976,-0.40752518,3929,1014,-109.32061,0.24427481,15.687023,-0.1239624,0.001953125,-1.718689,36.53,2
4,1344,1897,1634,1610,1688,0.09728321,0.66607976,-0.40752518,3929,1014,-109.32061,0.24427481,15.687023,-0.1239624,0.001953125,-1.718689,36.53,1
4,1349,1875,1670,1527,1687,0.09728321,0.66607976,-0.40752518,3929,1014,-109.32061,0.24427481,15.687023,-0.1239624,0.001953125,-1.718689,36.53,2
4,1349,1874,1668,1527,1687,0.09728321,0.66607976,-0.40752518,3929,1014,-109.32061,0.24427481,15.687023,-0.1239624,0.001953125,-1.718689,36.53,2
4,1351,1875,1669,1527,1688,0.097262084,0.6660889,-0.40778816,3929,1013,-109.32061,0.24427481,15.687023,-0.1239624,0.001953125,-1.718689,36.53,1
4,1350,1875,1667,1527,1688,0.09728321,0.66607976,-0.40752518,3929,1014,-109.32061,0.24427481,15.687023,-0.1239624,0.001953125,-1.749939,36.53,2
4,1351,1874,1667,1527,1689,0.09728321,0.66607976,-0.40752518,3929,1014,-109.32061,0.24427481,15.687023,-0.1239624,0.001953125,-1.718689,36.53,1
4,1349,1875,1667,1528,1689,0.09728321,0.66607976,-0.40752518,3929,1014,-109.32061,0.24427481,15.687023,-0.1239624,0.001953125,-1.718689,36.53,2
4,1350,1874,1668,1529,1691,0.097262084,0.6660889,-0.40778816,3929,1013,-109.32061,0.24427481,15.687023,-0.1239624,0.001953125,-1.718689,36.53,2
4,1352,1878,1675,1517,1732,0.09728321,0.66607976,-0.40752518,3929,1014,-109.32061,0.24427481,15.687023,-0.1239624,0.001953125,-1.749939,36.53,1
4,1351,1873,1668,1527,1689,0.09728321,0.66607976,-0.40752518,3929,1014,-109.32061,0.24427481,15.687023,-0.1239624,0.001953125,-1.718689,36.53,2
5,1362,1828,1700,1528,1691,0.097262084,0.6660889,-0.40778816,3929,1013,-109.32061,0.24427481,15.687023,-0.1239624,0.001953125,-1.718689,36.53,2
5,1328,1878,1667,1529,1708,0.09728321,0.66607976,-0.40752518,3929,1014,-109.32061,0.24427481,15.687023,-0.1239624,0.001953125,-1.749939,36.53,2
5,1351,1875,1668,1529,1689,0.09728321,0.66607976,-0.40752518,3929,1014,-109.32061,0.24427481,15.687023,-0.1239624,0.001953125,-1.718689,36.53,1
5,1352,1875,1666,1528,1691,0.09728321,0.66607976,-0.40752518,3929,1014,-109.32061,0.24427481,15.687023,-0.1239624,0.001953125,-1.718689,36.53,2
5,1351,1874,1667,1529,1690,0.09728321,0.66607976,-0.40752518,3929,1014,-109.32061,0.24427481,15.687023,-0.1239624,0.001953125,-1.718689,36.53,2
5,1351,1876,1666,1529,1690,0.09728321,0.66607976,-0.40752518,3929,1014,-109.32061,0.24427481,15.687023,-0.1239624,0.001953125,-1.718689,36.53,1
5,1351,1875,1665,1529,1691,0.09728321,0.66607976,-0.40752518,3929,1014,-109.32061,0.24427481,15.687023,-0.1239624,0.001953125,-1.718689,36.53,2
5,1352,1875,1667,1530,1691,0.097240955,0.666098,-0.40752518,3928,1013,-109.32061,0.24427481,15.687023,-0.1239624,0.001953125,-1.718689,36.53,2
5,1402,1873,1666,1530,1691,0.09728321,0.66607976,-0.40752518,3929,1014,-109.32061,0.24427481,15.687023,-0.1239624,0.001953125,-1.718689,36.53,1
5,1352,1875,1666,1530,1691,0.09728321,0.66607976,-0.40752518,3929,1014,-109.32061,0.24427481,15.687023,-0.1239624,0.001953125,-1.718689,36.53,2
5,1353,1875,1666,1529,1691,0.09728321,0.66607976,-0.40752518,3929,1014,-109.32061,0.24427481,15.687023,-0.1239624,0.001953125,-1.718689,36.53,1
5,1353,1874,1666,1530,1691,0.09728321,0.66607976,-0.40752518,3929,1014,-109.32061,0.24427481,15.687023,-0.1239624,0.001953125,-1.718689,36.53,2
5,1354,1875,1665,1531,1691,0.09728321,0.66607976,-0.40752518,3929,1014,-109.32061,0.24427481,15.687023,-0.1239624,0.001953125,-1.718689,36.53,2
5,1354,1875,1666,1530,1692,0.09728321,0.66607976,-0.40752518,3929,1014,-109.32061,0.24427481,15.687023,-0.1239624,0.001953125,-1.718689,36.53,1
5,1353,1875,1666,1531,1692,0.09728321,0.66607976,-0.40752518,3929,1014,-109.32061,0.24427481,15.687023,-0.1239624,0.001953125,-1.718689,36.53,2
5,1353,1874,1666,1531,1691,0.097262084,0.6660889,-0.40778816,3929,1013,-109.32061,0.24427481,15.687023,-0.1239624,0.001953125,-1.718689,36.53,2
6,1353,1875,1666,1532,1692,0.09728321,0.66607976,-0.40752518,3929,1014,-109.32061,0.24427481,15.687023,-0.1239624,0.001953125,-1.749939,36.53,1
6,1354,1873,1664,1531,1692,0.09728321,0.66607976,-0.40752518,3929,1014,-109.32061,0.24427481,15.687023,-0.1239624,0.001953125,-1.718689,36.53,2
6,1356,1873,1673,1552,1692,0.09728321,0.66607976,-0.40752518,3929,1014,-109.32061,0.24427481,15.687023,-0.1239624,0.001953125,-1.718689,36.53,2
6,1354,1873,1666,1532,1690,0.09728321,0.66607976,-0.40752518,3929,1014,-109.32061,0.24427481,15.687023,-0.1239624,0.001953125,-1.718689,36.53,1
6,1352,1878,1670,1514,1694,0.097262084,0.6660889,-0.4072622,3928,1014,-109.32061,0.24427481,15.687023,-0.1239624,0.001953125,-1.718689,36.53,2
6,1355,1875,1665,1531,1693,0.097283214,0.66607976,-0.40752518,3929,1014,-109.32061,0.24427481,15.687023,-0.1239624,0.001953125,-1.749939,36.53,2
6,1354,1875,1664,1532,1694,0.097283214,0.66607976,-0.40752518,3929,1014,-109.32061,0.24427481,15.687023,-0.1239624,0.001953125,-1.749939,36.53,1
6,1355,1875,1665,1532,1693,0.09726209,0.6660889,-0.4072622,3928,1014,-109.32061,0.24427481,15.687023,-0.1239624,0.001953125,-1.749939,36.53,2
6,1355,1875,1665,1533,1694,0.09728322,0.66607976,-0.40752518,3929,1014,-109.32061,0.24427481,15.687023,-0.1239624,0.001953125,-1.749939,36.53,2
6,1355,1875,1665,1532,1693,0.09728322,0.66607976,-0.40752518,3929,1014,-109.32061,0.24427481,15.687023,-0.1239624,0.001953125,-1.749939,36.53,1
6,1357,1877,1657,1518,1695,0.09728322,0.66607976,-0.40752518,3929,1014,-109.32061,0.24427481,15.687023,-0.1239624,0.001953125,-1.749939,36.53,2
6,1355,1874,1664,1532,1694,0.09728322,0.66607976,-0.40752518,3929,1014,-109.32061,0.24427481,15.687023,-0.1239624,0.001953125,-1.749939,36.53,1
6,1350,1898,1593,1613,1693,0.09728322,0.66607976,-0.40752518,3929,1014,-109.32061,0.24427481,15.687023,-0.1239624,0.001953125,-1.749939,36.53,2
6,1355,1875,1665,1532,1694,0.09728322,0.66607976,-0.40752518,3929,1014,-109.32061,0.24427481,15.687023,-0.1239624,0.001953125,-1.749939,36.53,2
6,1390,2018,1664,1533,1695,0.0972621,0.6660889,-0.40778816,3929,1013,-109.32061,0.24427481,15.687023,-0.1239624,0.001953125,-1.749939,36.53,1
7,1355,1875,1664,1533,1694,0.09728322,0.66607976,-0.40752518,3929,1014,-109.32061,0.24427481,15.687023,-0.1239624,0.001953125,-1.749939,36.53,2
7,1356,1875,1664,1533,1698,0.09728322,0.66607976,-0.40752518,3929,1014,-109.32061,0.24427481,15.687023,-0.1239624,0.001953125,-1.749939,36.53,2
7,1355,1884,1688,1502,1676,0.09728322,0.66607976,-0.40752518,3929,1014,-109.32061,0.24427481,15.687023,-0.1239624,0.001953125,-1.749939,36.53,1
7,1356,1875,1665,1533,1694,0.09728322,0.66607976,-0.40752518,3929,1014,-109.32061,0.24427481,15.687023,-0.1239624,0.001953125,-1.749939,36.53,2
7,1356,1875,1664,1534,1695,0.09728322,0.66607976,-0.40752518,3929,1014,-109.32061,0.24427481,15.687023,-0.1239624,0.001953125,-1.749939,36.53,2
7,1356,1875,1663,1533,1696,0.09728322,0.66607976,-0.40752518,3929,1014,-109.32061,0.24427481,15.687023,-0.1239624,0.001953125,-1.749939,36.53,1
7,1356,1874,1664,1534,1695,0.09728322,0.66607976,-0.40752518,3929,1014,-109.32061,0.24427481,15.687023,-0.1239624,0.001953125,-1.749939,36.53,2
7,1358,1874,1664,1534,1696,0.09728322,0.66607976,-0.40752518,3929,1014,-109.32061,0.24427481,15.687023,-0.1239624,0.001953125,-1.749939,36.53,1
7,1356,1875,1663,1534,1695,0.09728322,0.66607976,-0.40752518,3929,1014,-109.32061,0.24427481,15.687023,-0.1239624,0.001953125,-1.749939,36.53,2
7,1358,1876,1664,1535,1695,0.09728322,0.66607976,-0.40752518,3929,1014,-109.32061,0.24427481,15.687023,-0.1239624,0.001953125,-1.749939,36.53,1
7,1367,1898,1633,1533,1696,0.09728322,0.66607976,-0.40752518,3929,1014,-109.32061,0.24427481,15.687023,-0.1239624,0.001953125,-1.749939,36.53,2
7,1357,1874,1663,1534,1696,0.09728322,0.66607976,-0.40752518,3929,1014,-109.32061,0.24427481,15.687023,-0.1239624,0.001953125,-1.749939,36.53,2
7,1358,1875,1663,1535,1697,0.09728322,0.66607976,-0.40752518,3929,1014,-109.32061,0.24427481,15.687023,-0.1239624,0.001953125,-1.749939,36.53,1
7,1358,1876,1663,1535,1696,0.09728322,0.66607976,-0.40752518,3929,1014,-109.32061,0.24427481,15.687023,-0.1239624,0.001953125,-1.749939,36.53,1
7,1359,1875,1663,1535,1697,0.09728322,0.66607976,-0.40752518,3929,1014,-109.32061,0.24427481,15.687023,-0.1239624,0.001953125,-1.749939,36.53,2
8,1373,1741,1663,1535,1697,0.09728322,0.66607976,-0.40752518,3929,1014,-109.32061,0.24427481,15.687023,-0.1239624,0.001953125,-1.749939,36.53,2
8,1357,1902,1543,1537,1698,0.0972621,0.6660889,-0.4072622,3928,1014,-109.32061,0.24427481,15.687023,-0.1239624,0.001953125,-1.749939,36.53,2
8,1359,1875,1663,1536,1697,0.09728323,0.66607976,-0.40752518,3929,1014,-109.32061,0.24427481,15.687023,-0.1239624,0.001953125,-1.749939,36.53,1
8,1357,1875,1663,1535,1696,0.09728323,0.66607976,-0.40752518,3929,1014,-109.32061,0.24427481,15.687023,-0.1239624,0.001953125,-1.749939,36.53,2
8,1359,1875,1662,1537,1697,0.09728323,0.66607976,-0.40752518,3929,1014,-109.32061,0.24427481,15.687023,-0.1239624,0.001953125,-1.749939,36.53,1
8,1360,1875,1664,1536,1699,0.09728323,0.66607976,-0.40752518,3929,1014,-109.32061,0.24427481,15.687023,-0.1239624,0.001953125,-1.749939,36.53,2
8,1360,1876,1663,1536,1699,0.09728323,0.66607976,-0.40752518,3929,1014,-109.32061,0.24427481,15.687023,-0.1239624,0.001953125,-1.749939,36.53,2
8,1360,1876,1662,1536,1698,0.09728323,0.66607976,-0.40752518,3929,1014,-109.32061,0.24427481,15.687023,-0.1239624,0.001953125,-1.749939,36.53,1
8,1358,1875,1663,1536,1698,0.09728323,0.66607976,-0.40752518,3929,1014,-109.32061,0.24427481,15.687023,-0.1239624,0.001953125,-1.749939,36.53,2
8,1359,1874,1662,1536,1698,0.09728323,0.66607976,-0.40752518,3929,1014,-109.32061,0.24427481,15.687023,-0.1239624,0.001953125,-1.749939,36.53,2
8,1361,1875,1663,1537,1698,0.09728323,0.66607976,-0.40752518,3929,1014,-109.32061,0.24427481,15.687023,-0.1239624,0.001953125,-1.749939,36.53,2
8,1359,1875,1663,1537,1699,0.09728323,0.66607976,-0.40752518,3929,1014,-109.32061,0.24427481,15.687023,-0.1239624,0.001953125,-1.749939,36.53,1
8,1360,1873,1663,1537,1699,0.09728323,0.66607976,-0.40752518,3929,1014,-109.32061,0.24427481,15.687023,-0.1239624,0.001953125,-1.749939,36.53,2
8,1361,1876,1663,1538,1703,0.09728323,0.66607976,-0.40752518,3929,1014,-109.32061,0.24427481,15.687023,-0.1239624,0.001953125,-1.749939,36.53,2
8,1360,1875,1663,1538,1698,0.09728323,0.66607976,-0.40752518,3929,1014,-109.32061,0.24427481,15.687023,-0.1239624,0.001953125,-1.749939,36.53,1
8,1360,1875,1663,1537,1699,0.09728323,0.66607976,-0.40752518,3929,1014,-109.32061,0.24427481,15.687023,-0.1239624,0.001953125,-1.749939,36.53,2
9,1360,1875,1663,1538,1698,0.09728323,0.66607976,-0.40752518,3929,1014,-109.32061,0.24427481,15.687023,-0.1239624,0.001953125,-1.749939,36.53,2
9,1361,1876,1662,1538,1699,0.09728323,0.66607976,-0.40752518,3929,1014,-109.32061,0.24427481,15.687023,-0.1239624,0.001953125,-1.749939,36.53,1
9,1360,1876,1663,1537,1699,0.09728323,0.66607976,-0.40752518,3929,1014,-109.32061,0.24427481,15.687023,-0.1239624,0.001953125,-1.749939,36.53,2
9,1360,1876,1662,1538,1700,0.09728323,0.66607976,-0.40752518,3929,1014,-109.32061,0.24427481,15.687023,-0.1239624,0.001953125,-1.749939,36.53,1
9,1362,1875,1661,1537,1699,0.09728323,0.66607976,-0.40752518,3929,1014,-109.32061,0.24427481,15.687023,-0.1239624,0.001953125,-1.749939,36.53,2
9,1363,1875,1661,1538,1700,0.09728323,0.66607976,-0.40752518,3929,1014,-109.32061,0.24427481,15.687023,-0.1239624,0.001953125,-1.749939,36.53,2
9,1362,1873,1664,1525,1692,0.09728323,0.66607976,-0.40752518,3929,1014,-109.32061,0.24427481,15.687023,-0.1239624,0.001953125,-1.749939,36.53,1
9,1361,1874,1662,1539,1701,0.09728323,0.66607976,-0.40752518,3929,1014,-109.32061,0.24427481,15.687023,-0.1239624,0.001953125,-1.749939,36.53,2
9,1362,1875,1662,1537,1701,0.09728323,0.66607976,-0.40752518,3929,1014,-109.32061,0.24427481,15.687023,-0.1239624,0.001953125,-1.749939,36.53,2
9,1362,1875,1663,1538,1700,0.09728323,0.66607976,-0.40752518,3929,1014,-109.32061,0.24427481,15.687023,-0.1239624,0.001953125,-1.749939,36.53,1
9,1362,1875,1661,1538,1701,0.09728323,0.66607976,-0.40752518,3929,1014,-109.32061,0.24427481,15.687023,-0.1239624,0.001953125,-1.749939,36.53,2
9,1362,1876,1661,1553,1690,0.09726211,0.6660889,-0.4072622,3928,1014,-109.32061,0.24427481,15.687023,-0.1239624,0.001953125,-1.749939,36.53,2
9,1363,1876,1661,1539,1701,0.09728324,0.66607976,-0.40752518,3929,1014,-109.32061,0.24427481,15.687023,-0.1239624,0.001953125,-1.749939,36.53,1
9,1363,1876,1661,1539,1700,0.09728324,0.66607976,-0.40752518,3929,1014,-109.32061,0.24427481,15.687023,-0.2489624,0.001953125,-1.765564,36.53,1
9,1362,1876,1662,1538,1701,0.09728324,0.66607976,-0.40752518,3929,1014,-109.32061,0.24427481,15.687023,-0.2489624,0.001953125,-1.765564,36.53,2
10,1362,1876,1663,1538,1701,0.09728324,0.66607976,-0.40752518,3929,1014,-109.32061,0.24427481,15.687023,-0.2489624,0.001953125,-1.765564,36.53,1
10,1361,1876,1661,1538,1701,0.09728324,0.66607976,-0.40752518,3929,1014,-109.32061,0.24427481,15.687023,-0.2489624,0.001953125,-1.765564,36.53,2
10,1363,1877,1662,1539,1700,0.09728324,0.66607976,-0.40752518,3929,1014,-109.32061,0.24427481,15.687023,-0.2489624,0.001953125,-1.765564,36.53,2
10,1362,1877,1661,1539,1701,0.09728324,0.66607976,-0.40752518,3929,1014,-109.32061,0.24427481,15.687023,-0.2489624,0.001953125,-1.765564,36.53,2
10,1364,1877,1662,1540,1702,0.09728324,0.66607976,-0.40752518,3929,1014,-109.32061,0.24427481,15.687023,-0.2489624,0.001953125,-1.765564,36.53,2
10,1363,1876,1662,1539,1702,0.09728324,0.66607976,-0.40752518,3929,1014,-109.32061,0.24427481,15.687023,-0.2489624,0.001953125,-1.765564,36.53,1
10,1363,1876,1665,1516,1757,0.09728324,0.66607976,-0.40752518,3929,1014,-109.32061,0.24427481,15.687023,-0.2489624,0.001953125,-1.765564,36.53,2
10,1374,1880,1664,1545,1716,0.09728324,0.66607976,-0.40752518,3929,1014,-109.32061,0.24427481,15.687023,-0.2489624,0.001953125,-1.765564,36.53,2
10,1382,1880,1666,1550,1729,0.09728324,0.66607976,-0.40752518,3929,1014,-109.32061,0.24427481,15.687023,-0.2489624,0.001953125,-1.765564,36.53,1
10,1379,1838,1675,1550,1730,0.09728324,0.66607976,-0.40752518,3929,1014,-109.32061,0.24427481,15.687023,-0.2489624,0.001953125,-1.765564,36.53,2
10,1366,1868,1656,1537,1746,0.09728324,0.66607976,-0.40752518,3929,1014,-109.32061,0.24427481,15.687023,-0.2489624,0.001953125,-1.765564,36.53,1
10,1384,1883,1665,1551,1731,0.09728324,0.66607976,-0.40752518,3929,1014,-109.32061,0.24427481,15.687023,-0.2489624,0.001953125,-1.765564,36.53,2
10,1386,1882,1663,1550,1733,0.09728324,0.66607976,-0.40752518,3929,1014,-109.32061,0.24427481,15.687023,-0.2489624,0.001953125,-1.765564,36.53,2
10,1385,1882,1663,1550,1732,0.09728324,0.66607976,-0.40752518,3929,1014,-109.32061,0.24427481,15.687023,-0.2489624,0.001953125,-1.765564,36.53,1
10,1386,1882,1662,1551,1737,0.097262114,0.6660889,-0.4072622,3928,1014,-109.32061,0.24427481,15.687023,-0.2489624,0.001953125,-1.765564,36.53,2
10,1387,1882,1665,1551,1737,0.097283244,0.66607976,-0.40752518,3929,1014,-109.32061,0.24427481,15.687023,-0.1239624,0.001953125,-1.749939,36.53,1
11,1444,1864,1670,1559,1762,0.097283244,0.66607976,-0.40752518,3929,1014,-109.32061,0.24427481,15.687023,-0.1239624,0.001953125,-1.749939,36.53,2
11,1403,1885,1667,1560,1759,0.097283244,0.66607976,-0.40752518,3929,1014,-109.32061,0.24427481,15.687023,-0.1239624,0.001953125,-1.749939,36.53,2
11,1396,1878,1679,1557,1753,0.097283244,0.66607976,-0.40752518,3929,1014,-109.32061,0.24427481,15.687023,-0.1239624,0.001953125,-1.749939,36.53,1
11,1400,1887,1667,1559,1753,0.09726212,0.6660889,-0.40778816,3929,1013,-109.32061,0.24427481,15.687023,-0.1239624,0.001953125,-1.749939,36.53,2
11,1404,1887,1669,1563,1754,0.097283244,0.66607976,-0.40752518,3929,1014,-109.32061,0.24427481,15.687023,-0.1239624,0.001953125,-1.749939,36.53,2
11,1407,1889,1669,1564,1758,0.097283244,0.66607976,-0.40752518,3929,1014,-109.32061,0.24427481,15.687023,-0.1239624,0.001953125,-1.749939,36.53,1
11,1411,1890,1670,1566,1765,0.097283244,0.66607976,-0.40752518,3929,1014,-109.32061,0.24427481,15.687023,-0.1239624,0.001953125,-1.749939,36.53,2
11,1422,1897,1674,1574,1775,0.097283244,0.66607976,-0.40752518,3929,1014,-109.32061,0.24427481,15.687023,-0.1239624,0.001953125,-1.749939,36.53,1
11,1413,1886,1664,1564,1770,0.09721987,0.6661071,-0.40673628,3926,1014,-109.32061,0.24427481,15.687023,-0.1239624,0.001953125,-1.749939,36.53,2
11,1415,1888,1662,1565,1773,0.097241,0.666098,-0.40699926,3927,1014,-109.32061,0.24427481,15.687023,-0.2489624,0.001953125,-1.781189,36.53,2
11,1039,1591,1337,1183,1433,0.09791716,0.66580653,-0.4148883,3958,1015,-109.32061,0.24427481,15.687023,-0.1239624,0.001953125,-1.749939,36.53,2
11,786,1442,1221,931,1192,0.099264845,0.6652129,-0.4311923,4021,1016,-109.32061,0.24427481,15.687023,-0.1239624,0.001953125,-1.749939,36.53,1
11,2774,3147,3318,2911,2708,0.09930665,0.6651937,-0.4311923,4022,1017,-109.32061,0.24427481,15.687023,-0.2489624,0.001953125,-1.765564,36.53,2
11,3300,3548,3695,3383,3329,0.09924394,0.6652225,-0.42987746,4018,1018,-109.32061,0.24427481,15.687023,-0.2489624,0.001953125,-1.765564,36.53,1
11,3466,3644,3738,3501,3531,0.09924394,0.6652225,-0.42987746,4018,1018,-109.32061,0.24427481,15.687023,-0.1239624,0.001953125,-1.749939,36.53,2
12,3492,3661,3748,3523,3561,0.09924394,0.6652225,-0.42987746,4018,1018,-109.32061,0.24427481,15.687023,-0.1239624,0.001953125,-1.749939,36.53,2
12,3458,3641,3741,3501,3535,0.10114732,0.66434985,-0.45380756,13,1018,-109.32061,0.24427481,15.687023,-0.1239624,0.001953125,-1.749939,36.53,1
12,3395,3580,3710,3435,3489,0.104663044,0.662635,-0.4990381,184,1017,-109.32061,0.24427481,15.687023,-0.2489624,0.001953125,-1.796814,36.53,2
12,3310,3503,3683,3368,3389,0.10872395,0.6604216,-0.5513688,384,1018,-109.32061,0.24427481,15.687023,-0.1239624,0.001953125,-1.749939,36.53,1
12,3248,3467,3691,3319,3290,0.11452551,0.65685374,-0.63551855,692,1006,-109.32061,0.24427481,15.687023,-0.3739624,0.001953125,-1.843689,36.53,2
12,3223,3463,3701,3302,3252,0.12056218,0.6524011,-0.82327783,1212,812,-109.32061,0.24427481,15.687023,-0.2489624,0.001953125,-1.796814,36.53,2
12,3214,3451,3699,3290,3247,0.12345604,0.64927924,-1.0107741,1661,548,-109.32061,0.24427481,15.687023,-0.2489624,0.001953125,-1.781189,36.53,1
12,3154,3397,3679,3234,3162,0.12376161,0.64879185,-1.1430471,1925,309,-109.32061,0.24427481,15.687023,-0.2489624,0.001953125,-1.796814,36.53,2
12,3044,3294,3616,3128,3010,0.123532526,0.6492943,-1.2392935,2096,114,-109.32061,0.24427481,15.687023,-0.2489624,0.001953125,-1.796814,36.53,2
12,2901,3157,3439,2979,2852,0.12259642,0.65201396,-1.3457955,2236,3945,-109.32061,0.24427481,15.687023,-0.2489624,0.001953125,-1.765564,36.53,1
12,2655,2933,3043,2735,2631,0.12177504,0.6556027,-1.4583459,2370,3651,-109.32061,0.24427481,15.687023,-0.1239624,0.001953125,-1.749939,36.53,2
12,2014,2486,2474,2185,2115,0.12133352,0.6595125,-1.5779964,2512,3338,-109.32061,0.24427481,15.687023,-0.2489624,0.001953125,-1.765564,36.53,2
12,1564,1903,1706,1612,1787,0.121362016,0.6634701,-1.6947542,2648,3030,-109.32061,0.24427481,15.687023,-0.1239624,0.001953125,-1.749939,36.53,1
12,1046,1044,633,816,1333,0.12169487,0.66614157,-1.820716,2829,2732,-109.32061,0.24427481,15.687023,-0.1239624,0.001953125,-1.749939,36.53,2
12,294,304,276,264,491,0.12212738,0.66783595,-1.9590373,3054,2431,-109.32061,0.24427481,15.687023,-0.2489624,0.001953125,-1.796814,36.53,1
13,273,306,278,258,319,0.12320749,0.6704768,-2.0794768,3221,2140,-109.32061,0.24427481,15.687023,-0.3739624,0.001953125,-1.828064,36.53,2
13,272,311,277,260,1093,0.12492205,0.67355156,-2.185453,3346,1862,-109.32061,0.24427481,15.687023,-0.3739624,0.001953125,-1.859314,36.53,2
13,310,393,283,280,2009,0.12656744,0.6758825,-2.2690768,3443,1641,-109.32061,0.24427481,15.687023,-0.3739624,0.001953125,-1.859314,36.53,1
13,1148,1245,761,1060,2464,0.12781005,0.677363,-2.3185148,3495,1505,-109.32061,0.24427481,15.687023,-0.2489624,0.001953125,-1.812439,36.53,2
13,1680,1767,1370,1639,2923,0.12804474,0.67761606,-2.3456006,3539,1446,-109.32061,0.24427481,15.687023,-0.2489624,0.001953125,-1.781189,36.53,2
13,1695,1792,1407,1660,2933,0.12783548,0.6774023,-2.3569083,3567,1431,-109.32061,0.24427481,15.687023,-0.2489624,0.001953125,-1.796814,36.53,1
13,1492,1696,1278,1551,2856,0.12750985,0.6770771,-2.3616416,3586,1432,-109.32061,0.24427481,15.687023,-0.2489624,0.001953125,-1.781189,36.53,2
13,1734,1836,1415,1590,2921,0.12736262,0.6769315,-2.3640084,3595,1432,-109.32061,0.24427481,15.687023,-0.1239624,0.001953125,-1.749939,36.53,1
13,1654,1735,1299,1596,2848,0.12708388,0.6766571,-2.3684788,3612,1432,-109.32061,0.24427481,15.687023,-0.2489624,0.001953125,-1.781189,36.53,2
13,1192,1243,699,1061,2578,0.12654041,0.6761268,-2.3761048,3643,1434,-109.32061,0.24427481,15.687023,-0.2489624,0.001953125,-1.781189,36.53,2
13,479,479,281,307,1807,0.12602608,0.67563254,-2.3842568,3674,1434,-109.32061,0.24427481,15.687023,-0.3739624,0.001953125,-1.828064,36.53,1
13,365,384,276,293,778,0.12552446,0.6751583,-2.39162,3703,1435,-109.32061,0.24427481,15.687023,-0.3739624,0.001953125,-1.828064,36.53,2
13,991,926,317,799,1240,0.1265178,0.6760837,-2.408187,3705,1374,-109.32061,0.24427481,15.687023,-0.3739624,0.001953125,-1.828064,36.53,2
13,1633,1583,929,1525,1983,0.13003914,0.6792567,-2.4618325,3704,1169,-109.32061,0.24427481,15.687023,-0.2489624,0.001953125,-1.812439,36.53,1
13,1515,1539,897,1416,2315,0.13424452,0.68265575,-2.5236301,3704,934,-109.32061,0.24427481,15.687023,-0.2489624,0.001953125,-1.765564,36.53,2
13,1511,1593,983,1438,2417,0.13838921,0.68560195,-2.581746,3704,713,-109.32061,0.24427481,15.687023,-0.2489624,0.001953125,-1.781189,36.53,2
14,1798,1870,1403,1756,2601,0.14004646,0.6866406,-2.6051502,3706,626,-109.32061,0.24427481,15.687023,-0.2489624,0.001953125,-1.796814,36.53,1
14,1781,1854,1375,1730,2570,0.14016514,0.6867112,-2.6056762,3704,622,-109.32061,0.24427481,15.687023,-0.2489624,0.001953125,-1.796814,36.53,2
14,1764,1855,1368,1725,2551,0.14012557,0.6866877,-2.6062021,3706,622,-109.32061,0.24427481,15.687023,-0.2489624,0.001953125,-1.765564,36.53,1
14,1511,1594,1032,1430,2108,0.1400662,0.6866525,-2.606991,3709,622,-109.32061,0.24427481,15.687023,-0.3739624,0.001953125,-1.828064,36.53,2
14,819,917,307,724,1042,0.140185,0.6867228,-2.6054132,3703,622,-109.32061,0.24427481,15.687023,-0.2489624,0.001953125,-1.765564,36.53,2
14,274,591,351,276,319,0.14259824,0.6881569,-2.6380212,3704,499,-109.32061,0.24427481,15.687023,-0.3739624,0.001953125,-1.859314,36.53,1
14,253,292,278,244,274,0.14723352,0.6907107,-2.6995559,3706,267,-109.32061,0.24427481,15.687023,-0.3739624,0.001953125,-1.843689,36.53,2
14,283,355,293,266,412,0.14556967,0.6899233,-2.7947505,3927,126,-109.32061,0.24427481,15.687023,-0.4989624,0.001953125,-1.921814,36.53,2
14,301,373,302,274,557,0.14260505,0.6888517,-2.8554962,15,79,-109.32061,0.24427481,15.687023,-0.3739624,0.001953125,-1.859314,36.53,1
14,253,276,282,239,283,0.13927181,0.68787116,-2.8962562,168,77,-109.32061,0.24427481,15.687023,-0.4989624,0.001953125,-1.890564,36.53,2
14,256,281,285,242,289,0.13594602,0.6870384,-2.9349124,316,78,-109.32061,0.24427481,15.687023,-0.4989624,0.001953125,-1.937439,36.53,1
14,273,322,286,252,357,0.13065381,0.68592876,-2.99671,551,78,-109.32061,0.24427481,15.687023,-0.3739624,0.001953125,-1.874939,36.53,2
14,319,562,297,282,613,0.12222942,0.6846996,-3.0945342,922,77,-109.32061,0.24427481,15.687023,-0.4989624,0.001953125,-1.906189,36.53,2
14,788,1054,641,790,1140,0.11326557,0.6842775,3.0803082,1323,66,-109.32061,0.24427481,15.687023,-0.4989624,0.001953125,-1.890564,36.53,1
14,1766,1935,1675,1850,1973,0.10818996,0.6845889,3.0143032,1559,51,-109.32061,0.24427481,15.687023,-0.3739624,0.001953125,-1.859314,36.53,2
15,1611,1794,1448,1683,1843,0.10574784,0.6849015,2.9819582,1674,43,-109.32061,0.24427481,15.687023,-0.3739624,0.001953125,-1.843689,36.53,2
15,1541,1759,1352,1598,1771,0.103998624,0.6851831,2.9564502,1761,33,-109.32061,0.24427481,15.687023,-0.3739624,0.001953125,-1.828064,36.53,1
15,1452,1678,1176,1489,1689,0.10289042,0.68539065,2.9393573,1818,25,-109.32061,0.24427481,15.687023,-0.3739624,0.001953125,-1.828064,36.53,2
15,1179,1599,1037,1320,1529,0.10257485,0.6854554,2.9288385,1845,12,-109.32061,0.24427481,15.687023,-0.2489624,0.001953125,-1.812439,36.53,1
15,1175,1486,952,1230,1450,0.10270979,0.68542624,2.9298904,1840,11,-109.32061,0.24427481,15.687023,-0.3739624,0.001953125,-1.828064,36.53,2
15,1182,1490,957,1235,1455,0.10275479,0.6854166,2.9304163,1838,11,-109.32061,0.24427481,15.687023,-0.2489624,0.001953125,-1.812439,36.53,2
15,1132,1445,900,1184,1410,0.10277729,0.68541175,2.9306793,1837,11,-109.32061,0.24427481,15.687023,-0.3739624,0.001953125,-1.843689,36.53,1
15,1057,1374,818,1104,1341,0.102912284,0.68538284,2.9322572,1831,11,-109.32061,0.24427481,15.687023,-0.2489624,0.001953125,-1.812439,36.53,2
15,1014,1336,772,1060,1301,0.1029573,0.6853733,2.933309,1828,12,-109.32061,0.24427481,15.687023,-0.3739624,0.001953125,-1.843689,36.53,2
15,1061,1379,822,1109,1342,0.1029573,0.6853733,2.933309,1828,12,-109.32061,0.24427481,15.687023,-0.3739624,0.001953125,-1.843689,36.53,1
15,926,1263,691,970,1211,0.10275469,0.6854161,2.9309423,1837,12,-109.32061,0.24427481,15.687023,-0.3739624,0.001953125,-1.843689,36.53,2
15,246,340,283,248,270,0.10198965,0.68557966,2.9214754,1872,11,-109.32061,0.24427481,15.687023,-0.3739624,0.001953125,-1.843689,36.53,2
15,248,350,296,252,268,0.10138338,0.6857153,2.9143753,1899,11,-109.32061,0.24427481,15.687023,-0.3739624,0.001953125,-1.874939,36.53,1
15,629,956,610,711,1009,0.101293705,0.68573606,2.9133234,1903,11,-109.32061,0.24427481,15.687023,-0.3739624,0.001953125,-1.874939,36.53,2
15,1720,1881,1531,1652,2014,0.10133853,0.6857256,2.9138494,1901,11,-109.32061,0.24427481,15.687023,-0.4989624,0.001953125,-1.890564,36.53,1
15,882,917,367,631,1294,0.10082297,0.68584514,2.9078012,1924,11,-109.32061,0.24427481,15.687023,-0.2489624,0.001953125,-1.812439,36.53,2
16,1107,1203,722,1039,1466,0.09233954,0.68786544,2.8081362,2303,11,-109.32061,0.24427481,15.687023,-0.4989624,0.001953125,-1.890564,36.53,2
16,896,981,492,887,1239,0.09416589,0.6872328,2.8302255,2219,11,-109.32061,0.24427481,15.687023,-0.3739624,0.001953125,-1.828064,36.53,1
16,1057,1154,495,997,1313,0.09107753,0.68822676,2.7931468,2360,11,-109.32061,0.24427481,15.687023,-0.4989624,0.001953125,-1.906189,36.53,2
16,1020,1145,343,939,1274,0.08863369,0.6891145,2.7634315,2473,11,-109.32061,0.24427481,15.687023,-0.3739624,0.001953125,-1.843689,36.53,1
16,942,1074,294,878,1161,0.08668774,0.6898876,2.7395015,2564,11,-109.32061,0.24427481,15.687023,-0.3739624,0.001953125,-1.874939,36.53,2
16,936,1068,303,893,1138,0.08526905,0.6904909,2.7218826,2631,11,-109.32061,0.24427481,15.687023,-0.3739624,0.001953125,-1.828064,36.53,2
16,929,1070,305,897,1115,0.08396626,0.6910722,2.7061045,2692,12,-109.32061,0.24427481,15.687023,-0.3739624,0.001953125,-1.859314,36.53,1
16,831,1001,300,807,1014,0.08354902,0.69126636,2.7003193,2713,11,-109.32061,0.24427481,15.687023,-0.3739624,0.001953125,-1.828064,36.53,2
16,721,982,292,776,1014,0.08404835,0.6910305,2.7066305,2689,11,-109.32061,0.24427481,15.687023,-0.3739624,0.001953125,-1.859314,36.53,2
16,1099,1265,352,1096,1312,0.08442396,0.690856,2.7113638,2671,11,-109.32061,0.24427481,15.687023,-0.4989624,0.001953125,-1.937439,36.53,1
16,1971,2137,1513,2015,2169,0.08442396,0.690856,2.7108378,2672,10,-109.32061,0.24427481,15.687023,-0.3739624,0.001953125,-1.828064,36.53,2
16,2662,2809,2605,2692,2707,0.084152155,0.6909809,2.707945,2684,11,-109.32061,0.24427481,15.687023,-0.2489624,0.001953125,-1.812439,36.53,1
16,2820,2955,2811,2855,2807,0.08160481,0.6921604,2.675863,2806,11,-109.32061,0.24427481,15.687023,-0.2489624,0.001953125,-1.781189,36.53,2
16,2743,2803,2819,2763,2711,0.073155046,0.6964073,2.567783,3217,11,-109.32061,0.24427481,15.687023,-0.2489624,0.001953125,-1.812439,36.53,2
16,1150,949,2469,940,1314,0.063608766,0.7025776,2.437877,3711,11,-109.32061,0.24427481,15.687023,-0.2489624,0.001953125,-1.781189,36.53,1
17,1199,510,2237,819,1370,0.059363216,0.70618063,2.3742387,3953,11,-109.32061,0.24427481,15.687023,-0.3739624,0.001953125,-1.874939,36.53,2
17,871,312,2316,296,1118,0.055521008,0.7098866,2.31323,89,11,-109.32061,0.24427481,15.687023,-0.3739624,0.001953125,-1.859314,36.53,2
17,817,974,2541,256,1229,0.05233193,0.7133622,2.2593217,294,11,-109.32061,0.24427481,15.687023,-0.4989624,0.001953125,-1.906189,36.53,1
17,795,327,2521,271,1395,0.048896145,0.71753764,2.197524,529,11,-109.32061,0.24427481,15.687023,-0.3739624,0.001953125,-1.874939,36.53,2
17,897,878,1148,493,1349,0.044186343,0.7240419,2.1057482,878,11,-109.32061,0.24427481,15.687023,-0.3739624,0.001953125,-1.843689,36.53,1
17,1274,1387,1441,1025,1658,0.039095376,0.73263294,1.9916201,1312,11,-109.32061,0.24427481,15.687023,-0.3739624,0.001953125,-1.859314,36.53,2
17,1349,1421,1399,1113,1695,0.035354275,0.74099183,1.8869587,1710,11,-109.32061,0.24427481,15.687023,-0.2489624,0.001953125,-1.781189,36.53,2
17,1126,1262,1253,883,1493,0.033744577,0.74591243,1.8272649,1936,10,-109.32061,0.24427481,15.687023,-0.2489624,0.001953125,-1.796814,36.53,1
17,972,1325,1179,907,1251,0.03292159,0.7490507,1.7907124,2076,11,-109.32061,0.24427481,15.687023,-0.2489624,0.001953125,-1.796814,36.53,2
17,1017,1274,943,932,1298,0.032113448,0.752666,1.7489004,2236,12,-109.32061,0.24427481,15.687023,-0.2489624,0.001953125,-1.812439,36.53,2
17,1349,1498,962,1236,1631,0.03122885,0.7575801,1.6918364,2453,12,-109.32061,0.24427481,15.687023,-0.3739624,0.001953125,-1.843689,36.53,1
17,1438,1407,738,1314,1750,0.030337015,0.7649122,1.6068976,2775,11,-109.32061,0.24427481,15.687023,-0.2489624,0.001953125,-1.796814,36.53,2
17,1407,1210,648,1262,1749,0.030038865,0.7731673,1.5124921,3134,11,-109.32061,0.24427481,15.687023,-0.3739624,0.001953125,-1.859314,36.53,2
17,1363,1001,685,1159,1718,0.03041295,0.7795761,1.439124,3413,11,-109.32061,0.24427481,15.687023,-0.3739624,0.001953125,-1.859314,36.53,1
17,1341,909,791,1063,1725,0.03096277,0.78372765,1.3917897,3594,12,-109.32061,0.24427481,15.687023,-0.3739624,0.001953125,-1.859314,36.53,2
17,1273,836,907,893,1681,0.03147489,0.7865579,1.3583927,3720,11,-109.32061,0.24427481,15.687023,-0.3739624,0.001953125,-1.828064,36.53,1
18,1186,821,955,725,1607,0.031882346,0.7884473,1.3368293,3803,12,-109.32061,0.24427481,15.687023,-0.3739624,0.001953125,-1.859314,36.53,2
18,1132,803,965,619,1571,0.032165077,0.78963363,1.322892,3856,12,-109.32061,0.24427481,15.687023,-0.3739624,0.001953125,-1.828064,36.53,2
18,1121,841,1009,595,1564,0.03235704,0.79039204,1.313951,3890,12,-109.32061,0.24427481,15.687023,-0.3739624,0.001953125,-1.874939,36.53,1
18,1138,876,1041,609,1582,0.032450564,0.7907481,1.3097435,3906,12,-109.32061,0.24427481,15.687023,-0.3739624,0.001953125,-1.859314,36.53,2
18,1140,882,1048,611,1586,0.032468382,0.7908148,1.3089546,3909,12,-109.32061,0.24427481,15.687023,-0.3739624,0.001953125,-1.843689,36.53,2
18,1147,890,1055,618,1590,0.032486252,0.7908815,1.3081657,3912,12,-109.32061,0.24427481,15.687023,-0.3739624,0.001953125,-1.843689,36.53,1
18,1168,934,1106,656,1602,0.03262365,0.79139256,1.3015915,3936,11,-109.32061,0.24427481,15.687023,-0.3739624,0.001953125,-1.828064,36.53,2
18,1797,1579,1714,1463,2136,0.033015314,0.79281217,1.2847615,4000,11,-109.32061,0.24427481,15.687023,-0.2489624,0.001953125,-1.812439,36.53,1
18,3062,3033,3017,3027,3106,0.033067252,0.7929888,1.2826579,4008,11,-109.32061,0.24427481,15.687023,-0.2489624,0.001953125,-1.812439,36.53,2
18,3287,3397,3479,3301,3392,0.033067252,0.7929888,1.2826579,4008,11,-109.32061,0.24427481,15.687023,-0.2489624,0.001953125,-1.812439,36.53,2
18,3307,3425,3524,3314,3415,0.033060715,0.7929667,1.2823949,4008,10,-109.32061,0.24427481,15.687023,-0.2489624,0.001953125,-1.812439,36.53,1
18,3187,3348,3455,3218,3250,0.033073805,0.79301083,1.2823949,4009,11,-109.32061,0.24427481,15.687023,-0.2489624,0.001953125,-1.812439,36.53,2
18,2765,2929,2942,2789,2740,0.03392458,0.7958785,1.248209,43,11,-109.32061,0.24427481,15.687023,-0.2489624,0.001953125,-1.812439,36.53,2
18,1163,900,417,951,1511,0.034967702,0.7989992,1.2111305,185,12,-109.32061,0.24427481,15.687023,-0.3739624,0.001953125,-1.843689,36.53,1
18,1368,885,497,1076,1684,0.036279663,0.80248827,1.1695815,345,14,-109.32061,0.24427481,15.687023,-0.3739624,0.001953125,-1.843689,36.53,2
19,1341,850,817,806,1697,0.039290022,0.8095844,1.0820131,679,15,-109.32061,0.24427481,15.687023,-0.3739624,0.001953125,-1.828064,36.53,2
19,1091,1044,1161,582,1550,0.04464893,0.8196608,0.95158094,1175,15,-109.32061,0.24427481,15.687023,-0.3739624,0.001953125,-1.874939,36.53,1
19,672,1242,1386,514,1223,0.050137736,0.82736194,0.84350103,1586,15,-109.32061,0.24427481,15.687023,-0.3739624,0.001953125,-1.843689,36.53,2
19,576,1499,1602,831,997,0.054207016,0.83193386,0.7735515,1852,15,-109.32061,0.24427481,15.687023,-0.3739624,0.001953125,-1.828064,36.53,1
19,705,1714,1774,1094,914,0.057515863,0.8351652,0.7206949,2053,15,-109.32061,0.24427481,15.687023,-0.3739624,0.001953125,-1.843689,36.53,2
19,856,1768,1803,1234,875,0.060662333,0.8379287,0.6728347,2235,15,-109.32061,0.24427481,15.687023,-0.3739624,0.001953125,-1.828064,36.53,2
19,942,1772,1813,1332,895,0.06447726,0.8409687,0.61708546,2447,15,-109.32061,0.24427481,15.687023,-0.2489624,0.001953125,-1.812439,36.53,1
19,934,1697,1764,1213,858,0.06991939,0.84483004,0.5408247,2737,15,-109.32061,0.24427481,15.687023,-0.2489624,0.001953125,-1.796814,36.53,2
19,1087,1783,1909,1341,978,0.07759275,0.8494383,0.4385301,3126,15,-109.32061,0.24427481,15.687023,-0.3739624,0.001953125,-1.874939,36.53,1
19,1065,1723,1845,1234,1029,0.08398832,0.85243773,0.35779887,3433,15,-109.32061,0.24427481,15.687023,-0.2489624,0.001953125,-1.796814,36.53,2
19,1125,1774,1827,1271,1211,0.08834192,0.85406554,0.3046793,3635,15,-109.32061,0.24427481,15.687023,-0.2489624,0.001953125,-1.796814,36.53,2
19,1155,1775,1788,1255,1448,0.09115151,0.85494906,0.2710194,3763,15,-109.32061,0.24427481,15.687023,-0.2489624,0.001953125,-1.781189,36.53,2
19,1250,1796,1811,1288,1747,0.09303595,0.8554727,0.2486671,3848,15,-109.32061,0.24427481,15.687023,-0.2489624,0.001953125,-1.765564,36.53,1
19,1426,1861,1877,1370,1975,0.094061844,0.85573316,0.23657057,3894,15,-109.32061,0.24427481,15.687023,-0.2489624,0.001953125,-1.812439,36.53,2
19,1502,1857,1882,1370,2043,0.09462106,0.855868,0.22999637,3919,15,-109.32061,0.24427481,15.687023,-0.2489624,0.001953125,-1.781189,36.53,1
19,1516,1858,1880,1372,2049,0.09466587,0.8558785,0.22947043,3921,15,-109.32061,0.24427481,15.687023,-0.2489624,0.001953125,-1.765564,36.53,2
20,1536,1877,1898,1396,2062,0.09466587,0.8558785,0.22947043,3921,15,-109.32061,0.24427481,15.687023,-0.3739624,0.001953125,-1.828064,36.53,2
20,1516,1860,1886,1371,2051,0.09466587,0.8558785,0.22947043,3921,15,-109.32061,0.24427481,15.687023,-0.3739624,0.001953125,-1.828064,36.53,1
20,1516,1858,1886,1367,2050,0.094643466,0.8558732,0.2297334,3920,15,-109.32061,0.24427481,15.687023,-0.3739624,0.001953125,-1.828064,36.53,2
20,1517,1860,1895,1387,2086,0.09466587,0.8558785,0.22947043,3921,15,-109.32061,0.24427481,15.687023,-0.2489624,0.001953125,-1.812439,36.53,1
20,1515,1860,1889,1370,2050,0.094688274,0.8558837,0.2297334,3921,16,-109.32061,0.24427481,15.687023,-0.3739624,0.001953125,-1.828064,36.53,2
20,1512,1858,1886,1367,2045,0.09466587,0.8558785,0.22947043,3921,15,-109.32061,0.24427481,15.687023,-0.2489624,0.001953125,-1.796814,36.53,2
20,1507,1855,1886,1362,2045,0.09466587,0.8558785,0.22947043,3921,15,-109.32061,0.24427481,15.687023,-0.3739624,0.001953125,-1.828064,36.53,1
20,1505,1855,1885,1358,2043,0.09466587,0.8558785,0.22947043,3921,15,-109.32061,0.24427481,15.687023,-0.3739624,0.001953125,-1.828064,36.53,2
20,1502,1853,1884,1354,2041,0.094643466,0.8558732,0.2297334,3920,15,-109.32061,0.24427481,15.687023,-0.3739624,0.001953125,-1.828064,36.53,2
20,1502,1852,1884,1355,2041,0.09466587,0.8558785,0.22947043,3921,15,-109.32061,0.24427481,15.687023,-0.2489624,0.001953125,-1.812439,36.53,1
20,1501,1849,1890,1364,2041,0.09466587,0.8558785,0.22947043,3921,15,-109.32061,0.24427481,15.687023,-0.3739624,0.001953125,-1.828064,36.53,2
20,1500,1852,1884,1354,2041,0.09466587,0.8558785,0.22947043,3921,15,-109.32061,0.24427481,15.687023,-0.3739624,0.001953125,-1.828064,36.53,1
20,1500,1851,1883,1354,2040,0.09466587,0.8558785,0.22999637,3920,16,-109.32061,0.24427481,15.687023,-0.3739624,0.001953125,-1.828064,36.53,2
20,1499,1851,1883,1353,2040,0.094688274,0.8558837,0.22973341,3921,16,-109.32061,0.24427481,15.687023,-0.2489624,0.001953125,-1.796814,36.53,2
20,1488,1892,1886,1353,2039,0.094643466,0.8558732,0.22973341,3920,15,-109.32061,0.24427481,15.687023,-0.3739624,0.001953125,-1.828064,36.53,1
21,1498,1851,1884,1353,2040,0.09466587,0.8558785,0.22947045,3921,15,-109.32061,0.24427481,15.687023,-0.3739624,0.001953125,-1.843689,36.53,2
21,1497,1852,1884,1352,2037,0.094643466,0.8558732,0.22973341,3920,15,-109.32061,0.24427481,15.687023,-0.2489624,0.001953125,-1.796814,36.53,2
21,1498,1851,1885,1355,2031,0.094643466,0.8558732,0.22973341,3920,15,-109.32061,0.24427481,15.687023,-0.3739624,0.001953125,-1.843689,36.53,1
21,1495,1853,1884,1351,2036,0.094643466,0.8558732,0.22973341,3920,15,-109.32061,0.24427481,15.687023,-0.3739624,0.001953125,-1.843689,36.53,2
21,1497,1853,1884,1353,2037,0.094643466,0.8558732,0.22973341,3920,15,-109.32061,0.24427481,15.687023,-0.3739624,0.001953125,-1.843689,36.53,2
21,1495,1851,1883,1351,2036,0.09466587,0.8558785,0.22947045,3921,15,-109.32061,0.24427481,15.687023,-0.3739624,0.001953125,-1.843689,36.53,1
21,1496,1852,1885,1352,2038,0.094643466,0.8558732,0.22973341,3920,15,-109.32061,0.24427481,15.687023,-0.2489624,0.001953125,-1.796814,36.53,2
21,1497,1852,1884,1352,2037,0.094643466,0.8558732,0.22973341,3920,15,-109.32061,0.24427481,15.687023,-0.3739624,0.001953125,-1.843689,36.53,1
21,1496,1851,1884,1352,2035,0.09466587,0.8558785,0.22947045,3921,15,-109.32061,0.24427481,15.687023,-0.3739624,0.001953125,-1.843689,36.53,2
21,1499,1834,1875,1351,2035,0.094643466,0.8558732,0.22973341,3920,15,-109.32061,0.24427481,15.687023,-0.2489624,0.001953125,-1.796814,36.53,2
21,1498,1839,1891,1409,1963,0.094643466,0.8558732,0.22973341,3920,15,-109.32061,0.24427481,15.687023,-0.3739624,0.001953125,-1.843689,36.53,1
21,1487,1871,1850,1287,2034,0.094643466,0.8558732,0.22973341,3920,15,-109.32061,0.24427481,15.687023,-0.3739624,0.001953125,-1.843689,36.53,2
21,1488,1846,1882,1341,2030,0.094643466,0.8558732,0.22973341,3920,15,-109.32061,0.24427481,15.687023,-0.3739624,0.001953125,-1.843689,36.53,2
21,1477,1844,1881,1334,2021,0.094643466,0.8558732,0.22973341,3920,15,-109.32061,0.24427481,15.687023,-0.3739624,0.001953125,-1.843689,36.53,1
21,1472,1843,1882,1332,2015,0.094643466,0.8558732,0.22973341,3920,15,-109.32061,0.24427481,15.687023,-0.3739624,0.001953125,-1.843689,36.53,2
22,1479,1830,1806,1253,2051,0.094643466,0.8558732,0.22973341,3920,15,-109.32061,0.24427481,15.687023,-0.3739624,0.001953125,-1.843689,36.53,1
22,1470,1842,1881,1331,2013,0.094643466,0.8558732,0.22973341,3920,15,-109.32061,0.24427481,15.687023,-0.3739624,0.001953125,-1.843689,36.53,2
22,1467,1842,1881,1330,2011,0.09466587,0.8558785,0.22947045,3921,15,-109.32061,0.24427481,15.687023,-0.3739624,0.001953125,-1.843689,36.53,2
22,1474,1845,1882,1335,2018,0.09453143,0.85584706,0.23104826,3915,15,-109.32061,0.24427481,15.687023,-0.2489624,0.001953125,-1.796814,36.53,1
22,1451,1883,1929,1353,1985,0.094733015,0.8558945,0.22868155,3924,15,-109.32061,0.24427481,15.687023,-0.2489624,0.001953125,-1.781189,36.53,2
22,1410,1938,2017,1359,1931,0.095450155,0.8560614,0.21974063,3957,14,-109.32061,0.24427481,15.687023,-0.2489624,0.001953125,-1.765564,36.53,2
22,834,1482,1530,798,1555,0.0963035,0.856252,0.20974784,3995,14,-109.32061,0.24427481,15.687023,-0.2489624,0.001953125,-1.796814,36.53,1
22,1163,1783,1757,1244,1752,0.09666359,0.85632867,0.20554034,4011,14,-109.32061,0.24427481,15.687023,-0.3739624,0.001953125,-1.828064,36.53,2
22,2107,2527,2540,2200,2375,0.09666359,0.85632867,0.20554034,4011,14,-109.32061,0.24427481,15.687023,-0.2489624,0.001953125,-1.796814,36.53,2
22,2513,2926,3023,2653,2550,0.09664106,0.85632396,0.2058033,4010,14,-109.32061,0.24427481,15.687023,-0.2489624,0.001953125,-1.796814,36.53,1
22,2516,2991,3175,2706,2520,0.09666359,0.85632867,0.20554034,4011,14,-109.32061,0.24427481,15.687023,-0.2489624,0.001953125,-1.781189,36.53,2
22,2791,3059,3200,2871,2918,0.097406924,0.85648364,0.19633646,4045,13,-109.32061,0.24427481,15.687023,-0.2489624,0.001953125,-1.796814,36.53,1
22,1418,1627,1706,1271,2217,0.09977653,0.85695493,0.1687248,54,13,-109.32061,0.24427481,15.687023,-0.2489624,0.001953125,-1.765564,36.53,2
22,2158,2106,2258,1771,3516,0.103088245,0.8575191,0.12875365,203,10,-109.32061,0.24427481,15.687023,-0.3739624,0.001953125,-1.843689,36.53,2
22,2379,2041,2190,1613,3839,0.10783465,0.8581336,0.07300441,413,8,-109.32061,0.24427481,15.687023,-0.2489624,0.001953125,-1.796814,36.53,1
22,2512,2051,2101,1595,3851,0.11751889,0.85884184,-0.037968144,835,8,-109.32061,0.24427481,15.687023,-0.3739624,0.001953125,-1.828064,36.53,2
23,2465,2087,2110,1693,3857,0.12841763,0.8584278,-0.16208911,1308,9,-109.32061,0.24427481,15.687023,-0.2489624,0.001953125,-1.812439,36.53,2
23,2318,2074,2054,1684,3849,0.13636546,0.85712814,-0.25465387,1659,8,-109.32061,0.24427481,15.687023,-0.2489624,0.001953125,-1.781189,36.53,1
23,2298,2055,1994,1758,3839,0.14162062,0.8557602,-0.31671435,1895,8,-109.32061,0.24427481,15.687023,-0.2489624,0.001953125,-1.812439,36.53,2
23,2534,2147,2028,2061,3861,0.14575316,0.85440576,-0.36641532,2084,8,-109.32061,0.24427481,15.687023,-0.2489624,0.001953125,-1.812439,36.53,2
23,2823,2120,1978,2253,3855,0.14942662,0.8529961,-0.41138288,2255,8,-109.32061,0.24427481,15.687023,-0.2489624,0.001953125,-1.796814,36.53,1
23,3303,2090,1989,2412,3859,0.15343373,0.8512479,-0.46134683,2445,8,-109.32061,0.24427481,15.687023,-0.2489624,0.001953125,-1.796814,36.53,2
23,3660,2154,2056,2543,3835,0.1578018,0.8490764,-0.5170961,2657,8,-109.32061,0.24427481,15.687023,-0.2489624,0.001953125,-1.812439,36.53,1
23,3803,2319,2046,2797,3713,0.16218211,0.8465853,-0.57416016,2875,9,-109.32061,0.24427481,15.687023,-0.2489624,0.001953125,-1.781189,36.53,2
23,3839,2491,1999,3196,3585,0.16577564,0.8442608,-0.62359816,3062,8,-109.32061,0.24427481,15.687023,-0.2489624,0.001953125,-1.781189,36.53,2
23,3849,2534,1996,3430,3366,0.16825993,0.84247375,-0.6585729,3195,8,-109.32061,0.24427481,15.687023,-0.2489624,0.001953125,-1.812439,36.53,1
23,3851,2569,1967,3564,3204,0.16973394,0.84133315,-0.67987335,3276,8,-109.32061,0.24427481,15.687023,-0.2489624,0.001953125,-1.812439,36.53,2
23,3851,1970,3606,3135,3135,0.17030653,0.84087026,-0.68828833,3308,8,-109.32061,0.24427481,15.687023,-0.2489624,0.001953125,-1.781189,36.53,4
23,3852,2587,1953,3606,3136,0.17032431,0.84085566,-0.6885513,3309,8,-109.32061,0.24427481,15.687023,-0.2489624,0.001953125,-1.812439,36.53,2
23,3969,2587,1953,3606,3139,0.17034207,0.84084105,-0.68828833,3309,9,-109.32061,0.24427481,15.687023,-0.2489624,0.001953125,-1.781189,36.53,1
24,3851,2587,1952,3606,3142,0.1703243,0.84085566,-0.6885513,3309,8,-109.32061,0.24427481,15.687023,-0.2489624,0.001953125,-1.812439,36.53,2
24,3853,2587,1950,3606,3146,0.1703243,0.84085566,-0.6885513,3309,8,-109.32061,0.24427481,15.687023,-0.2489624,0.001953125,-1.781189,36.53,2
24,3851,2585,1950,3606,3151,0.17034206,0.84084105,-0.6888143,3310,8,-109.32061,0.24427481,15.687023,-0.2489624,0.001953125,-1.781189,36.53,1
24,3852,2586,1949,3606,3151,0.17034206,0.84084105,-0.6888143,3310,8,-109.32061,0.24427481,15.687023,-0.2489624,0.001953125,-1.812439,36.53,2
24,3852,2586,1949,3606,3155,0.17034206,0.84084105,-0.6888143,3310,8,-109.32061,0.24427481,15.687023,-0.2489624,0.001953125,-1.812439,36.53,1
24,3873,2586,1947,3606,3155,0.17034206,0.84084105,-0.6888143,3310,8,-109.32061,0.24427481,15.687023,-0.2489624,0.001953125,-1.812439,36.53,2
24,3851,2585,1947,3607,3157,0.17034206,0.84084105,-0.6888143,3310,8,-109.32061,0.24427481,15.687023,-0.2489624,0.001953125,-1.812439,36.53,2
24,3851,2587,1947,3607,3159,0.17035982,0.84082645,-0.6885513,3310,9,-109.32061,0.24427481,15.687023,-0.2489624,0.001953125,-1.812439,36.53,1
24,3850,2578,1933,3604,3155,0.17037758,0.84081185,-0.6888143,3311,9,-109.32061,0.24427481,15.687023,-0.2489624,0.001953125,-1.812439,36.53,2
24,3851,2591,1953,3607,3174,0.17035982,0.84082645,-0.68907726,3311,8,-109.32061,0.24427481,15.687023,-0.2489624,0.001953125,-1.812439,36.53,2
24,3853,2599,1964,3609,3179,0.17035982,0.84082645,-0.6885513,3310,9,-109.32061,0.24427481,15.687023,-0.2489624,0.001953125,-1.812439,36.53,1
24,3845,2630,1948,3606,3172,0.17034206,0.84084105,-0.6888143,3310,8,-109.32061,0.24427481,15.687023,-0.2489624,0.001953125,-1.812439,36.53,2
24,3852,2594,1955,3605,3170,0.17034206,0.84084105,-0.6888143,3310,8,-109.32061,0.24427481,15.687023,-0.2489624,0.001953125,-1.812439,36.53,1
24,3853,2596,1959,3608,3175,0.17034206,0.84084105,-0.6888143,3310,8,-109.32061,0.24427481,15.687023,-0.2489624,0.001953125,-1.812439,36.53,2
24,3853,2594,1955,3607,3174,0.17034206,0.84084105,-0.6888143,3310,8,-109.32061,0.24427481,15.687023,-0.2489624,0.001953125,-1.812439,36.53,2
25,3849,2593,1953,3591,3200,0.17034206,0.84084105,-0.6888143,3310,8,-109.32061,0.24427481,15.687023,-0.2489624,0.001953125,-1.812439,36.53,1
25,3853,2591,1953,3607,3173,0.1704131,0.8407826,-0.68934023,3313,9,-109.32061,0.24427481,15.687023,-0.2489624,0.001953125,-1.812439,36.53,2
25,3863,2645,2029,3622,3190,0.17035984,0.8408265,-0.6885513,3310,9,-109.32061,0.24427481,15.687023,-0.2489624,0.001953125,-1.781189,36.53,2
25,3838,2613,2010,3619,3182,0.17030653,0.8408704,-0.68828833,3308,8,-109.32061,0.24427481,15.687023,-0.2489624,0.001953125,-1.781189,36.53,1
25,3854,2603,1967,3611,3178,0.17037761,0.8408119,-0.6888143,3311,9,-109.32061,0.24427481,15.687023,-0.2489624,0.001953125,-1.812439,36.53,2
25,3853,2605,1969,3613,3170,0.17037761,0.8408119,-0.6888143,3311,9,-109.32061,0.24427481,15.687023,-0.2489624,0.001953125,-1.781189,36.53,2
25,3856,2611,1977,3612,3173,0.1704309,0.84076804,-0.6896032,3314,9,-109.32061,0.24427481,15.687023,-0.2489624,0.001953125,-1.781189,36.53,1
25,3861,2643,2026,3621,3157,0.17034213,0.84084123,-0.6888143,3310,8,-109.32061,0.24427481,15.687023,-0.2489624,0.001953125,-1.812439,36.53,2
25,3855,2615,1983,3617,3172,0.17048424,0.84072423,-0.690918,3318,8,-109.32061,0.24427481,15.687023,-0.2489624,0.001953125,-1.812439,36.53,1
25,3860,2638,2015,3625,3172,0.17037785,0.8408122,-0.6898662,3313,7,-109.32061,0.24427481,15.687023,-0.2489624,0.001953125,-1.812439,36.53,2
25,3844,2651,2176,3666,3173,0.16993415,0.8411783,-0.682766,3287,8,-109.32061,0.24427481,15.687023,-0.2489624,0.001953125,-1.781189,36.53,2
25,3906,2942,2455,3714,3323,0.16955927,0.8414832,-0.6788215,3269,5,-109.32061,0.24427481,15.687023,-0.3739624,0.001953125,-1.843689,36.53,1
25,3943,3526,3289,3808,3627,0.16844893,0.8423789,-0.6625175,3207,5,-109.32061,0.24427481,15.687023,-0.2489624,0.001953125,-1.812439,36.53,2
25,3858,3827,3635,3780,3618,0.1688299,0.84208167,-0.66856575,3229,4,-109.32061,0.24427481,15.687023,-0.2489624,0.001953125,-1.812439,36.53,2
25,3570,3890,3758,3891,3323,0.16886601,0.8420531,-0.66856575,3230,5,-109.32061,0.24427481,15.687023,-0.2489624,0.001953125,-1.781189,36.53,1
25,3150,3880,3703,3853,3051,0.16881184,0.8420959,-0.6683028,3228,4,-109.32061,0.24427481,15.687023,-0.2489624,0.001953125,-1.796814,36.53,2
26,2969,3649,3330,3903,2881,0.16982318,0.84129745,-0.683029,3284,4,-109.32061,0.24427481,15.687023,-0.2489624,0.001953125,-1.812439,36.53,1
26,2771,3397,3151,3933,2644,0.1771051,0.83537227,-0.7897941,3691,5,-109.32061,0.24427481,15.687023,-0.2489624,0.001953125,-1.812439,36.53,2
26,762,2698,1926,3594,883,0.17768826,0.834784,-0.9365303,3988,3840,-109.32061,0.24427481,15.687023,-0.3739624,0.001953125,-1.843689,36.53,2
26,1143,2847,1937,3814,1337,0.17906542,0.83291197,-0.96309006,4089,3840,-109.32061,0.24427481,15.687023,-0.3739624,0.001953125,-1.828064,36.53,1
26,1369,3137,2057,3855,1509,0.18161424,0.8292473,-1.0141059,187,3840,-109.32061,0.24427481,15.687023,-0.1239624,0.001953125,-1.734314,36.53,2
26,1174,3449,1824,3840,1213,0.18495764,0.82387507,-1.0864222,462,3840,-109.32061,0.24427481,15.687023,-0.2489624,0.001953125,-1.781189,36.53,2
26,1398,3113,2015,3779,1322,0.19229713,0.8099265,-1.1319157,891,0,-109.32061,0.24427481,15.687023,-0.2489624,0.001953125,-1.796814,36.53,1
26,1541,2811,2091,3870,1491,0.1968143,0.8003035,-1.253407,1353,0,-109.32061,0.24427481,15.687023,-0.2489624,0.001953125,-1.812439,36.53,2
26,1661,2700,2025,1538,1538,0.19919123,0.7930677,-1.3404495,1684,0,-109.32061,0.24427481,15.687023,-0.2489624,0.001953125,-1.796814,36.53,4
26,3346,2387,1839,2836,1844,0.20212792,0.780545,-1.4874487,2243,0,-109.32061,0.24427481,15.687023,-0.3739624,0.001953125,-1.859314,36.53,2
26,3713,2255,1730,2746,2010,0.20270643,0.7736202,-1.5668651,2545,0,-109.32061,0.24427481,15.687023,-0.2489624,0.001953125,-1.796814,36.53,1
26,3807,2432,1751,2642,1940,0.20274831,0.76296675,-1.6886194,3008,0,-109.32061,0.24427481,15.687023,-0.2489624,0.001953125,-1.812439,36.53,2
26,3823,2669,1898,2851,1991,0.2014419,0.7519301,-1.8156329,3491,0,-109.32061,0.24427481,15.687023,-0.3739624,0.001953125,-1.828064,36.53,1
27,3766,2734,2382,3275,1935,0.19969057,0.74492055,-1.8982049,3805,0,-109.32061,0.24427481,15.687023,-0.2489624,0.001953125,-1.812439,36.53,2
27,3543,2982,2735,3762,1941,0.19812922,0.7403234,-1.9536912,4016,0,-109.32061,0.24427481,15.687023,-0.3739624,0.001953125,-1.843689,36.53,2
27,2878,3869,3877,3873,1971,0.19633253,0.7358626,-2.0086515,129,0,-109.32061,0.24427481,15.687023,-0.2489624,0.001953125,-1.796814,36.53,2
27,1930,3887,3866,3666,1897,0.19378619,0.7304236,-2.0772862,390,0,-109.32061,0.24427481,15.687023,-0.3739624,0.001953125,-1.828064,36.53,1
27,1654,2269,1811,2084,1779,0.1894329,0.7225765,-2.179844,780,0,-109.32061,0.24427481,15.687023,-0.3739624,0.001953125,-1.843689,36.53,2
27,1558,1804,1815,1560,1807,0.18400952,0.7148011,-2.2881868,1192,0,-109.32061,0.24427481,15.687023,-0.3739624,0.001953125,-1.843689,36.53,1
27,1538,1742,1926,1468,1806,0.17942603,0.7095475,-2.367866,1495,0,-109.32061,0.24427481,15.687023,-0.3739624,0.001953125,-1.828064,36.53,2
27,1417,2083,1647,1324,1727,0.17623296,0.7064281,-2.418882,1689,0,-109.32061,0.24427481,15.687023,-0.3739624,0.001953125,-1.843689,36.53,2
27,1363,1643,1542,1261,1695,0.17397222,0.7044344,-2.4533308,1820,0,-109.32061,0.24427481,15.687023,-0.3739624,0.001953125,-1.828064,36.53,1
27,1347,1542,1641,1482,1691,0.17235501,0.7031044,-2.4772608,1911,0,-109.32061,0.24427481,15.687023,-0.2489624,0.001953125,-1.796814,36.53,2
27,1387,1587,1759,1803,1711,0.17117746,0.7021823,-2.4943538,1976,0,-109.32061,0.24427481,15.687023,-0.2489624,0.001953125,-1.796814,36.53,2
27,1385,1594,1797,1685,1692,0.17033309,0.70154405,-2.5064504,2022,0,-109.32061,0.24427481,15.687023,-0.2489624,0.001953125,-1.812439,36.53,1
27,1386,1596,1773,1543,1687,0.16981445,0.7011618,-2.5138135,2050,0,-109.32061,0.24427481,15.687023,-0.2489624,0.001953125,-1.796814,36.53,2
27,1390,1600,1767,1500,1688,0.1696096,0.70101315,-2.5167062,2061,0,-109.32061,0.24427481,15.687023,-0.3739624,0.001953125,-1.828064,36.53,1
27,1381,1591,1757,1492,1681,0.16964693,0.7010401,-2.5161803,2059,0,-109.32061,0.24427481,15.687023,-0.3739624,0.001953125,-1.828064,36.53,2
27,1383,1592,1757,1495,1683,0.16962828,0.7010266,-2.5164433,2060,0,-109.32061,0.24427481,15.687023,-0.2489624,0.001953125,-1.796814,36.53,2
28,1382,1591,1755,1493,1682,0.16962828,0.7010266,-2.5164433,2060,0,-109.32061,0.24427481,15.687023,-0.2489624,0.001953125,-1.796814,36.53,1
28,1380,1591,1754,1493,1682,0.16962828,0.7010266,-2.5164433,2060,0,-109.32061,0.24427481,15.687023,-0.2489624,0.001953125,-1.796814,36.53,2
28,1380,1589,1755,1491,1679,0.16964693,0.7010401,-2.5161803,2059,0,-109.32061,0.24427481,15.687023,-0.2489624,0.001953125,-1.796814,36.53,2
28,1381,1589,1753,1492,1679,0.16964693,0.7010401,-2.5161803,2059,0,-109.32061,0.24427481,15.687023,-0.2489624,0.001953125,-1.796814,36.53,1
28,1384,1592,1751,1480,1684,0.16966559,0.70105356,-2.5159173,2058,0,-109.32061,0.24427481,15.687023,-0.2489624,0.001953125,-1.796814,36.53,2
28,1431,1647,1797,1481,1719,0.16918066,0.7007032,-2.5227544,2084,0,-109.32061,0.24427481,15.687023,-0.3739624,0.001953125,-1.859314,36.53,2
28,1403,1755,1793,1485,1722,0.1690682,0.7006231,-2.5243323,2090,0,-109.32061,0.24427481,15.687023,-0.3739624,0.001953125,-1.843689,36.53,1
28,1431,1663,1835,1554,1702,0.16873045,0.70038337,-2.5295916,2109,4095,-109.32061,0.24427481,15.687023,-0.3739624,0.001953125,-1.828064,36.53,2
28,2232,2604,2793,2550,2341,0.16805245,0.6999075,-2.5390584,2145,4095,-109.32061,0.24427481,15.687023,-0.2489624,0.001953125,-1.781189,36.53,1
28,2942,3334,3522,3047,2845,0.1680714,0.69992054,-2.5387955,2144,4095,-109.32061,0.24427481,15.687023,-0.1239624,0.001953125,-1.749939,36.53,2
28,3221,3631,3715,3481,3055,0.16810931,0.69994664,-2.5382695,2142,4095,-109.32061,0.24427481,15.687023,-0.1239624,0.001953125,-1.749939,36.53,2
28,3615,3900,3919,3873,3308,0.16790089,0.69980305,-2.5411623,2153,4095,-109.32061,0.24427481,15.687023,-0.2489624,0.001953125,-1.781189,36.53,1
28,3651,3759,3769,3879,3335,0.16518602,0.697944,-2.5787666,2296,4095,-109.32061,0.24427481,15.687023,-0.2489624,0.001953125,-1.781189,36.53,2
28,2573,3749,3217,3883,2598,0.161255,0.69546396,-2.6318862,2498,4095,-109.32061,0.24427481,15.687023,-0.1239624,0.001953125,-1.749939,36.53,2
28,259,3525,3564,3558,343,0.15494834,0.6919387,-2.7134063,2810,1,-109.32061,0.24427481,15.687023,-0.2489624,0.001953125,-1.781189,36.53,1
29,263,3489,3479,2420,446,0.14454493,0.6871903,-2.841472,3302,6,-109.32061,0.24427481,15.687023,-0.3739624,0.001953125,-1.828064,36.53,2
29,1615,3421,3510,1821,1870,0.13619207,0.68460536,-2.9413998,3682,6,-109.32061,0.24427481,15.687023,-0.3739624,0.001953125,-1.859314,36.53,1
29,1069,1078,893,883,1440,0.13082513,0.6835163,-3.00609,3924,2,-109.32061,0.24427481,15.687023,-0.3739624,0.001953125,-1.828064,36.53,2
29,1294,1377,1367,1126,1637,0.12637937,0.6829102,-3.0573688,23,2,-109.32061,0.24427481,15.687023,-0.3739624,0.001953125,-1.828064,36.53,2
29,1262,1588,1668,1126,1639,0.121105894,0.682465,-3.1178515,253,2,-109.32061,0.24427481,15.687023,-0.3739624,0.001953125,-1.828064,36.53,1
29,1286,1555,1641,1361,1627,0.11374486,0.6822902,3.081184,573,2,-109.32061,0.24427481,15.687023,-0.3739624,0.001953125,-1.843689,36.53,2
29,1311,1587,1931,1403,1631,0.10490228,0.682825,2.9799411,958,2,-109.32061,0.24427481,15.687023,-0.3739624,0.001953125,-1.843689,36.53,2
29,1550,1693,1997,1285,1704,0.097022004,0.6841101,2.8881652,1306,1,-109.32061,0.24427481,15.687023,-0.3739624,0.001953125,-1.828064,36.53,1
29,1369,1670,2092,1265,1867,0.09172061,0.68548316,2.8261046,1543,2,-109.32061,0.24427481,15.687023,-0.2489624,0.001953125,-1.796814,36.53,2
29,1199,1579,1839,1162,1675,0.08822076,0.6866255,2.7840297,1703,2,-109.32061,0.24427481,15.687023,-0.3739624,0.001953125,-1.859314,36.53,2
29,1118,1463,1611,1087,1476,0.08595755,0.6874711,2.756418,1808,2,-109.32061,0.24427481,15.687023,-0.3739624,0.001953125,-1.828064,36.53,1
29,1082,1393,1454,1015,1389,0.08437958,0.6881108,2.7369583,1882,2,-109.32061,0.24427481,15.687023,-0.3739624,0.001953125,-1.843689,36.53,2
29,1089,1379,1370,1010,1432,0.083343156,0.6885547,2.724073,1931,2,-109.32061,0.24427481,15.687023,-0.2489624,0.001953125,-1.812439,36.53,1
29,1077,1343,1311,990,1366,0.08281733,0.68878794,2.7169728,1957,1,-109.32061,0.24427481,15.687023,-0.2489624,0.001953125,-1.796814,36.53,2
29,1083,1343,1306,996,1371,0.0826496,0.68886375,2.714869,1965,1,-109.32061,0.24427481,15.687023,-0.3739624,0.001953125,-1.828064,36.53,2
29,1076,1337,1297,987,1363,0.08262866,0.6888733,2.715132,1965,2,-109.32061,0.24427481,15.687023,-0.3739624,0.001953125,-1.874939,36.53,1
30,1075,1334,1294,987,1360,0.08264961,0.68886375,2.714869,1965,1,-109.32061,0.24427481,15.687023,-0.3739624,0.001953125,-1.843689,36.53,2
30,1082,1343,1302,996,1364,0.08262867,0.6888733,2.715132,1965,2,-109.32061,0.24427481,15.687023,-0.3739624,0.001953125,-1.874939,36.53,1
30,1085,1344,1302,1000,1365,0.08262867,0.6888733,2.715132,1965,2,-109.32061,0.24427481,15.687023,-0.3739624,0.001953125,-1.859314,36.53,2
30,1085,1343,1299,999,1365,0.08264962,0.68886375,2.714869,1965,1,-109.32061,0.24427481,15.687023,-0.3739624,0.001953125,-1.843689,36.53,2
30,1087,1345,1300,1001,1372,0.082628675,0.6888733,2.715132,1965,2,-109.32061,0.24427481,15.687023,-0.3739624,0.001953125,-1.874939,36.53,1
30,1133,1383,1331,1050,1409,0.08237729,0.6889875,2.7109246,1979,0,-109.32061,0.24427481,15.687023,-0.3739624,0.001953125,-1.828064,36.53,2
30,1114,1370,1317,1031,1389,0.082272746,0.68903553,2.7096097,1984,0,-109.32061,0.24427481,15.687023,-0.2489624,0.001953125,-1.796814,36.53,2
30,1106,1367,1317,1024,1381,0.082335435,0.6890066,2.7103987,1981,0,-109.32061,0.24427481,15.687023,-0.3739624,0.001953125,-1.828064,36.53,1
30,1101,1367,1319,1020,1377,0.08235634,0.68899703,2.7111876,1979,1,-109.32061,0.24427481,15.687023,-0.3739624,0.001953125,-1.859314,36.53,2
30,1105,1372,1324,1025,1390,0.08239816,0.68897784,2.7111876,1978,0,-109.32061,0.24427481,15.687023,-0.2489624,0.001953125,-1.796814,36.53,1
30,1124,1392,1349,1049,1398,0.08233543,0.6890066,2.7103987,1981,0,-109.32061,0.24427481,15.687023,-0.3739624,0.001953125,-1.859314,36.53,2
30,1106,1373,1329,1026,1381,0.08231452,0.6890162,2.7101357,1982,0,-109.32061,0.24427481,15.687023,-0.4989624,0.001953125,-1.890564,36.53,2
30,445,749,704,324,836,0.08175019,0.68927604,2.7025096,2010,4095,-109.32061,0.24427481,15.687023,-0.2489624,0.001953125,-1.796814,36.53,1
30,1153,954,949,754,1741,0.08179185,0.6892565,2.7035615,2007,0,-109.32061,0.24427481,15.687023,-0.3739624,0.001953125,-1.828064,36.53,2
30,2883,2791,2889,2739,2994,0.08743876,0.6866116,2.6401863,1992,3840,-109.32061,0.24427481,15.687023,-0.4989624,0.001953125,-1.890564,36.53,2
31,3039,3155,3219,3064,3013,0.08235406,0.68939865,2.7080321,1989,4095,-109.32061,0.24427481,15.687023,-0.2489624,0.001953125,-1.765564,36.53,1
31,2317,2674,2624,2390,2430,0.08252111,0.68932134,2.710136,1981,4095,-109.32061,0.24427481,15.687023,-0.2489624,0.001953125,-1.781189,36.53,2
31,256,366,320,240,315,0.0822912,0.6894272,2.7072432,1992,4095,-109.32061,0.24427481,15.687023,-0.2489624,0.001953125,-1.781189,36.53,2
31,231,303,283,249,244,0.07941071,0.6907635,2.676213,2120,9,-109.32061,0.24427481,15.687023,-0.3739624,0.001953125,-1.828064,36.53,1
31,441,1002,1359,314,557,0.07610012,0.69242597,2.634401,2280,10,-109.32061,0.24427481,15.687023,-0.4989624,0.001953125,-1.890564,36.53,2
31,1078,1622,3439,1065,1471,0.07048857,0.6955442,2.5557735,2569,0,-109.32061,0.24427481,15.687023,-0.3739624,0.001953125,-1.828064,36.53,1
31,1211,1837,3767,1367,1492,0.063797176,0.699984,2.4661014,2914,4,-109.32061,0.24427481,15.687023,-0.3739624,0.001953125,-1.859314,36.53,2
31,1135,1899,3806,1434,1379,0.05731478,0.7051779,2.370644,3276,3,-109.32061,0.24427481,15.687023,-0.2489624,0.001953125,-1.796814,36.53,2
31,1077,1961,3795,1341,1323,0.053023815,0.7093466,2.3022723,3536,3,-109.32061,0.24427481,15.687023,-0.3739624,0.001953125,-1.828064,36.53,1
31,1034,2407,3783,1356,1292,0.050518543,0.71213776,2.2594085,3699,3,-109.32061,0.24427481,15.687023,-0.4989624,0.001953125,-1.890564,36.53,2
31,1002,2931,3787,1375,1240,0.048851646,0.7141631,2.2294302,3813,3,-109.32061,0.24427481,15.687023,-0.3739624,0.001953125,-1.828064,36.53,2
31,1014,3203,3771,1411,1263,0.047823604,0.7154915,2.2102334,3886,3,-109.32061,0.24427481,15.687023,-0.2489624,0.001953125,-1.796814,36.53,1
31,1006,3347,3754,1415,1270,0.047164522,0.71637774,2.197611,3934,3,-109.32061,0.24427481,15.687023,-0.2489624,0.001953125,-1.796814,36.53,2
31,1040,3422,3767,1395,1256,0.046827104,0.7168436,2.191037,3959,3,-109.32061,0.24427481,15.687023,-0.2489624,0.001953125,-1.796814,36.53,1
31,990,3429,3767,1392,1256,0.046800356,0.71688104,2.190511,3961,3,-109.32061,0.24427481,15.687023,-0.3739624,0.001953125,-1.828064,36.53,2
31,988,3430,3767,1394,1255,0.046800356,0.71688104,2.190511,3961,3,-109.32061,0.24427481,15.687023,-0.3739624,0.001953125,-1.843689,36.53,2
32,987,3429,3765,1391,1255,0.046800356,0.71688104,2.190511,3961,3,-109.32061,0.24427481,15.687023,-0.3739624,0.001953125,-1.843689,36.53,1
32,985,3429,3767,1390,1253,0.046800356,0.71688104,2.190511,3961,3,-109.32061,0.24427481,15.687023,-0.3739624,0.001953125,-1.843689,36.53,2
32,985,3428,3766,1389,1252,0.046800356,0.71688104,2.190511,3961,3,-109.32061,0.24427481,15.687023,-0.3739624,0.001953125,-1.843689,36.53,2
32,985,3429,3766,1389,1252,0.046800356,0.71688104,2.190511,3961,3,-109.32061,0.24427481,15.687023,-0.3739624,0.001953125,-1.843689,36.53,1
32,983,3428,3767,1387,1252,0.046800356,0.71688104,2.190511,3961,3,-109.32061,0.24427481,15.687023,-0.3739624,0.001953125,-1.843689,36.53,2
32,984,3428,3765,1387,1252,0.046800356,0.71688104,2.190511,3961,3,-109.32061,0.24427481,15.687023,-0.3739624,0.001953125,-1.843689,36.53,1
32,983,3428,3766,1387,1252,0.046800356,0.71688104,2.190511,3961,3,-109.32061,0.24427481,15.687023,-0.3739624,0.001953125,-1.843689,36.53,2
32,983,3429,3766,1387,1252,0.04681372,0.7168623,2.190774,3960,3,-109.32061,0.24427481,15.687023,-0.3739624,0.001953125,-1.843689,36.53,2
32,987,3435,3759,1384,1234,0.04680035,0.71688104,2.190511,3961,3,-109.32061,0.24427481,15.687023,-0.3739624,0.001953125,-1.843689,36.53,1
32,983,3428,3766,1387,1252,0.04680035,0.71688104,2.190511,3961,3,-109.32061,0.24427481,15.687023,-0.3739624,0.001953125,-1.843689,36.53,2
32,984,3430,3765,1389,1255,0.04680035,0.71688104,2.190511,3961,3,-109.32061,0.24427481,15.687023,-0.3739624,0.001953125,-1.843689,36.53,2
32,986,3429,3766,1391,1253,0.04680035,0.71688104,2.190511,3961,3,-109.32061,0.24427481,15.687023,-0.3739624,0.001953125,-1.843689,36.53,1
32,985,3429,3767,1389,1253,0.04680035,0.71688104,2.190511,3961,3,-109.32061,0.24427481,15.687023,-0.3739624,0.001953125,-1.843689,36.53,2
32,986,3431,3759,1358,1209,0.04681371,0.7168623,2.190774,3960,3,-109.32061,0.24427481,15.687023,-0.3739624,0.001953125,-1.843689,36.53,2
32,987,3429,3766,1391,1256,0.04681371,0.7168623,2.190774,3960,3,-109.32061,0.24427481,15.687023,-0.3739624,0.001953125,-1.843689,36.53,1
33,988,3429,3766,1393,1255,0.04681371,0.7168623,2.190774,3960,3,-109.32061,0.24427481,15.687023,-0.3739624,0.001953125,-1.843689,36.53,2
33,989,3429,3767,1394,1258,0.04681371,0.7168623,2.190774,3960,3,-109.32061,0.24427481,15.687023,-0.3739624,0.001953125,-1.843689,36.53,1
33,990,3430,3766,1392,1256,0.04680034,0.71688104,2.190511,3961,3,-109.32061,0.24427481,15.687023,-0.3739624,0.001953125,-1.843689,36.53,2
33,988,3430,3766,1392,1255,0.046813704,0.7168623,2.190774,3960,3,-109.32061,0.24427481,15.687023,-0.3739624,0.001953125,-1.843689,36.53,2
33,987,3431,3766,1391,1261,0.046813704,0.7168623,2.190774,3960,3,-109.32061,0.24427481,15.687023,-0.3739624,0.001953125,-1.843689,36.53,1
33,988,3430,3765,1391,1254,0.046813704,0.7168623,2.190774,3960,3,-109.32061,0.24427481,15.687023,-0.3739624,0.001953125,-1.843689,36.53,2
33,991,3429,3766,1393,1257,0.046827074,0.7168436,2.191037,3959,3,-109.32061,0.24427481,15.687023,-0.3739624,0.001953125,-1.843689,36.53,1
33,994,3433,3762,1405,1273,0.0468137,0.7168623,2.190774,3960,3,-109.32061,0.24427481,15.687023,-0.3739624,0.001953125,-1.843689,36.53,2
33,984,3431,3765,1387,1251,0.046840437,0.7168249,2.1913,3958,3,-109.32061,0.24427481,15.687023,-0.3739624,0.001953125,-1.843689,36.53,2
33,1000,3435,3769,1404,1268,0.04682706,0.7168436,2.191037,3959,3,-109.32061,0.24427481,15.687023,-0.3739624,0.001953125,-1.828064,36.53,1
33,1067,3490,3773,1468,1327,0.046586327,0.7171806,2.1863036,3977,3,-109.32061,0.24427481,15.687023,-0.3739624,0.001953125,-1.859314,36.53,2
33,1071,3452,3779,1464,1331,0.046347193,0.71751875,2.1805184,3997,1,-109.32061,0.24427481,15.687023,-0.3739624,0.001953125,-1.828064,36.53,2
33,1062,3434,3759,1464,1326,0.045965083,0.7180658,2.1723664,4027,0,-109.32061,0.24427481,15.687023,-0.2489624,0.001953125,-1.796814,36.53,1
33,1279,3433,3789,1675,1517,0.045847885,0.7182365,2.1699996,4036,0,-109.32061,0.24427481,15.687023,-0.2489624,0.001953125,-1.796814,36.53,2
33,1909,3323,3903,2239,2030,0.045860864,0.7182175,2.1702626,4035,0,-109.32061,0.24427481,15.687023,-0.3739624,0.001953125,-1.843689,36.53,2
34,2538,3315,3968,2765,2507,0.04913236,0.7134301,2.1018908,4039,3840,-109.32061,0.24427481,15.687023,-0.2489624,0.001953125,-1.796814,36.53,1
34,3017,3336,3990,3102,2889,0.04617227,0.7184695,2.1692107,4038,4095,-109.32061,0.24427481,15.687023,-0.2489624,0.001953125,-1.781189,36.53,2
34,3123,3476,3929,3228,3073,0.049503535,0.7135836,2.1026797,4036,3840,-109.32061,0.24427481,15.687023,-0.2489624,0.001953125,-1.812439,36.53,1
34,3086,3403,3722,3175,3029,0.04554756,0.7203063,2.1476474,24,4095,-109.32061,0.24427481,15.687023,-0.2489624,0.001953125,-1.781189,36.53,2
34,2513,2888,3124,2624,2548,0.043414194,0.72358495,2.1029427,194,4095,-109.32061,0.24427481,15.687023,-0.2489624,0.001953125,-1.781189,36.53,2
34,964,1385,1638,883,1346,0.041511208,0.7268169,2.0606048,356,0,-109.32061,0.24427481,15.687023,-0.2489624,0.001953125,-1.765564,36.53,1
34,318,937,947,306,619,0.038144607,0.7331315,1.9793477,666,1,-109.32061,0.24427481,15.687023,-0.3739624,0.001953125,-1.843689,36.53,2
34,1317,2299,3829,1477,1556,0.037011087,0.7357499,1.811574,1047,3840,-109.32061,0.24427481,15.687023,-0.4989624,0.001953125,-1.906189,36.53,2
34,794,1688,3802,955,1022,0.033044096,0.75190604,1.7566136,1513,1,-109.32061,0.24427481,15.687023,-0.2489624,0.001953125,-1.781189,36.53,1
34,910,3788,1690,1152,1157,0.031887814,0.75805694,1.6845603,1786,0,-109.32061,0.24427481,15.687023,-0.3739624,0.001953125,-1.828064,36.53,2
34,881,3802,1210,1327,1106,0.031284433,0.76333785,1.6232888,2018,4095,-109.32061,0.24427481,15.687023,-0.3739624,0.001953125,-1.843689,36.53,2
34,1127,3590,1641,1952,1298,0.03105022,0.76779556,1.5727988,2211,0,-109.32061,0.24427481,15.687023,-0.2489624,0.001953125,-1.765564,36.53,1
34,1190,2204,1889,3493,1325,0.031039715,0.7730418,1.513368,2438,1,-109.32061,0.24427481,15.687023,-0.2489624,0.001953125,-1.796814,36.53,2
34,1379,2071,2001,3837,1451,0.031447805,0.78014004,1.4321109,2747,1,-109.32061,0.24427481,15.687023,-0.2489624,0.001953125,-1.796814,36.53,1
34,1575,2112,2063,3860,1591,0.032548394,0.78802496,1.340598,3094,0,-109.32061,0.24427481,15.687023,-0.2489624,0.001953125,-1.796814,36.53,2
34,1722,2114,2045,3861,1708,0.034039434,0.79438734,1.265915,3378,0,-109.32061,0.24427481,15.687023,-0.2489624,0.001953125,-1.796814,36.53,2
35,1828,2123,1964,3853,1797,0.035324145,0.7984698,1.217003,3564,0,-109.32061,0.24427481,15.687023,-0.3739624,0.001953125,-1.843689,36.53,1
35,1940,2139,1896,3843,1871,0.036232945,0.80093044,1.1870246,3678,0,-109.32061,0.24427481,15.687023,-0.2489624,0.001953125,-1.812439,36.53,2
35,2027,2128,1847,3844,1922,0.036922168,0.80263734,1.1659871,3758,0,-109.32061,0.24427481,15.687023,-0.2489624,0.001953125,-1.812439,36.53,1
35,2062,2072,1755,3830,1923,0.037384342,0.803716,1.1525757,3809,0,-109.32061,0.24427481,15.687023,-0.3739624,0.001953125,-1.828064,36.53,2
35,2102,2061,1731,3821,1943,0.037720766,0.804473,1.1431088,3845,0,-109.32061,0.24427481,15.687023,-0.3739624,0.001953125,-1.828064,36.53,2
35,2111,2049,1711,3819,1942,0.03778757,0.80461955,1.141268,3852,0,-109.32061,0.24427481,15.687023,-0.3739624,0.001953125,-1.828064,36.53,2
35,2109,2045,1707,3819,1943,0.037797153,0.8046405,1.141531,3852,1,-109.32061,0.24427481,15.687023,-0.3739624,0.001953125,-1.828064,36.53,1
35,2105,2024,1670,3819,1939,0.037787575,0.80461955,1.141268,3852,0,-109.32061,0.24427481,15.687023,-0.2489624,0.001953125,-1.796814,36.53,2
35,2103,2022,1668,3818,1939,0.037777994,0.8045986,1.141531,3851,0,-109.32061,0.24427481,15.687023,-0.3739624,0.001953125,-1.828064,36.53,1
35,2104,2022,1668,3819,1939,0.037797146,0.8046405,1.141531,3852,1,-109.32061,0.24427481,15.687023,-0.3739624,0.001953125,-1.843689,36.53,2
35,2101,2020,1666,3819,1937,0.037787568,0.80461955,1.141794,3851,1,-109.32061,0.24427481,15.687023,-0.2489624,0.001953125,-1.796814,36.53,2
35,2102,2018,1665,3819,1944,0.037777998,0.8045986,1.141531,3851,0,-109.32061,0.24427481,15.687023,-0.3739624,0.001953125,-1.874939,36.53,1
35,2101,2016,1663,3819,1937,0.037777998,0.8045986,1.141531,3851,0,-109.32061,0.24427481,15.687023,-0.3739624,0.001953125,-1.843689,36.53,2
35,2101,2019,1663,3819,1937,0.037777998,0.8045986,1.141531,3851,0,-109.32061,0.24427481,15.687023,-0.3739624,0.001953125,-1.843689,36.53,2
35,2100,2019,1663,3819,1937,0.037787575,0.80461955,1.141794,3851,1,-109.32061,0.24427481,15.687023,-0.3739624,0.001953125,-1.843689,36.53,1
36,2102,2020,1665,3819,1935,0.037778005,0.8045986,1.141531,3851,0,-109.32061,0.24427481,15.687023,-0.3739624,0.001953125,-1.843689,36.53,2
36,2102,2021,1664,3818,1937,0.037778005,0.8045986,1.141531,3851,0,-109.32061,0.24427481,15.687023,-0.3739624,0.001953125,-1.843689,36.53,1
36,2102,2018,1663,3818,1935,0.037787583,0.80461955,1.141268,3852,0,-109.32061,0.24427481,15.687023,-0.3739624,0.001953125,-1.843689,36.53,2
36,2103,2021,1664,3819,1938,0.037787583,0.80461955,1.141268,3852,0,-109.32061,0.24427481,15.687023,-0.3739624,0.001953125,-1.828064,36.53,2
36,2103,2021,1665,3819,1937,0.037778,0.8045986,1.141531,3851,0,-109.32061,0.24427481,15.687023,-0.3739624,0.001953125,-1.828064,36.53,1
36,2081,2019,1665,3819,1938,0.037778,0.8045986,1.141531,3851,0,-109.32061,0.24427481,15.687023,-0.3739624,0.001953125,-1.859314,36.53,2
36,2107,2022,1660,3817,1939,0.03778758,0.80461955,1.141268,3852,0,-109.32061,0.24427481,15.687023,-0.3739624,0.001953125,-1.859314,36.53,2
36,2110,2022,1656,3819,1941,0.037777998,0.8045986,1.141531,3851,0,-109.32061,0.24427481,15.687023,-0.3739624,0.001953125,-1.828064,36.53,1
36,2107,2021,1655,3820,1943,0.037787575,0.80461955,1.141794,3851,1,-109.32061,0.24427481,15.687023,-0.3739624,0.001953125,-1.843689,36.53,2
36,2109,2022,1655,3819,1940,0.037778005,0.8045986,1.141531,3851,0,-109.32061,0.24427481,15.687023,-0.3739624,0.001953125,-1.843689,36.53,1
36,2108,2021,1656,3819,1941,0.037778005,0.8045986,1.141531,3851,0,-109.32061,0.24427481,15.687023,-0.3739624,0.001953125,-1.843689,36.53,2
36,2107,2021,1654,3819,1940,0.037778005,0.8045986,1.141531,3851,0,-109.32061,0.24427481,15.687023,-0.3739624,0.001953125,-1.843689,36.53,2
36,2112,2027,1659,3819,1945,0.037749276,0.80453587,1.1423199,3848,0,-109.32061,0.24427481,15.687023,-0.3739624,0.001953125,-1.843689,36.53,1
36,2116,2032,1667,3823,1950,0.037768397,0.8045777,1.141794,3850,0,-109.32061,0.24427481,15.687023,-0.3739624,0.001953125,-1.843689,36.53,2
36,2130,2046,1683,3822,1963,0.03778754,0.80461955,1.141268,3852,0,-109.32061,0.24427481,15.687023,-0.3739624,0.001953125,-1.843689,36.53,2
36,2103,2007,1635,3820,1933,0.03776838,0.8045777,1.141794,3850,0,-109.32061,0.24427481,15.687023,-0.3739624,0.001953125,-1.859314,36.53,1
37,2178,2076,1721,3826,1999,0.037902378,0.80487067,1.1381124,3864,0,-109.32061,0.24427481,15.687023,-0.2489624,0.001953125,-1.812439,36.53,2
37,3578,3138,3160,3635,2961,0.04079683,0.81113744,1.1933358,3909,255,-109.32061,0.24427481,15.687023,-0.2489624,0.001953125,-1.796814,36.53,2
37,3685,3314,3331,3364,3807,0.03866823,0.80576855,1.1241752,3915,4094,-109.32061,0.24427481,15.687023,-0.2489624,0.001953125,-1.765564,36.53,1
37,3508,3323,3319,3324,3712,0.038628478,0.8056855,1.125753,3910,4095,-109.32061,0.24427481,15.687023,-0.1239624,0.001953125,-1.749939,36.53,2
37,3577,3569,3509,3501,3579,0.038678005,0.80578935,1.1244382,3915,4095,-109.32061,0.24427481,15.687023,-0.2489624,0.001953125,-1.812439,36.53,1
37,3161,3402,3603,3185,3301,0.038668074,0.8057686,1.1247011,3914,4095,-109.32061,0.24427481,15.687023,-0.2489624,0.001953125,-1.781189,36.53,2
37,3265,3558,3738,3383,3275,0.038668074,0.8057686,1.1241752,3915,4094,-109.32061,0.24427481,15.687023,-0.2489624,0.001953125,-1.781189,36.53,2
37,3244,3619,3787,3415,3122,0.040109135,0.80877775,1.0860448,4060,4094,-109.32061,0.24427481,15.687023,-0.2489624,0.001953125,-1.781189,36.53,1
37,3342,3773,3819,3546,3282,0.042006977,0.81238127,1.0463367,128,11,-109.32061,0.24427481,15.687023,-0.1239624,0.001953125,-1.749939,36.53,2
37,3406,3858,3989,3557,3370,0.044138547,0.8160659,0.99821347,312,12,-109.32061,0.24427481,15.687023,-0.3739624,0.001953125,-1.828064,36.53,2
37,3394,3927,3969,3593,3396,0.04760431,0.82144237,0.92563426,589,13,-109.32061,0.24427481,15.687023,-0.2489624,0.001953125,-1.781189,36.53,1
37,3421,3936,3896,3745,3430,0.053899866,0.82980746,0.80545783,1045,12,-109.32061,0.24427481,15.687023,-0.3739624,0.001953125,-1.828064,36.53,2
37,3586,3827,3821,3894,3435,0.06231655,0.8385688,0.66713655,1572,13,-109.32061,0.24427481,15.687023,-0.3739624,0.001953125,-1.859314,36.53,1
37,3661,3733,3766,3872,3359,0.06882404,0.84369415,0.5777274,1922,23,-109.32061,0.24427481,15.687023,-0.2489624,0.001953125,-1.796814,36.53,2
37,2689,3578,3203,3883,2573,0.07335375,0.8466472,0.5154039,2158,22,-109.32061,0.24427481,15.687023,-0.2489624,0.001953125,-1.765564,36.53,2
38,233,3501,284,3461,239,0.07619668,0.84825766,0.46596593,2323,4095,-109.32061,0.24427481,15.687023,-0.2489624,0.001953125,-1.796814,36.53,1
38,330,2100,686,3700,338,0.080883585,0.8506147,0.41389823,2536,14,-109.32061,0.24427481,15.687023,-0.2489624,0.001953125,-1.781189,36.53,1
38,1989,2737,2138,3872,1883,0.088130556,0.85379815,0.31975564,2887,7,-109.32061,0.24427481,15.687023,-0.3739624,0.001953125,-1.843689,36.53,1
38,1727,1867,1759,3459,1510,0.100581296,0.8579208,0.168286,3460,4,-109.32061,0.24427481,15.687023,-0.2489624,0.001953125,-1.781189,36.53,1
38,3126,1998,1994,2671,1951,0.107795015,0.85914636,0.084662125,3778,4,-109.32061,0.24427481,15.687023,-0.3739624,0.001953125,-1.828064,36.53,1
38,3799,2190,2112,2525,2077,0.11318293,0.8596036,0.02286461,4013,4,-109.32061,0.24427481,15.687023,-0.2489624,0.001953125,-1.796814,36.53,1
38,3838,2204,2012,2550,2026,0.117737666,0.8597078,-0.02920308,115,4,-109.32061,0.24427481,15.687023,-0.2489624,0.001953125,-1.812439,36.53,1
38,3847,2078,1736,2436,2029,0.122728646,0.859562,-0.08626716,332,4,-109.32061,0.24427481,15.687023,-0.2489624,0.001953125,-1.812439,36.53,1
38,3819,1893,1458,2349,2217,0.12852846,0.8590604,-0.15279809,585,4,-109.32061,0.24427481,15.687023,-0.3739624,0.001953125,-1.828064,36.53,1
38,3799,1751,1339,2283,2595,0.13469145,0.8581113,-0.22406244,856,4,-109.32061,0.24427481,15.687023,-0.2489624,0.001953125,-1.796814,36.53,1
38,3781,1659,1277,2265,2836,0.14034495,0.85682297,-0.2903304,1108,4,-109.32061,0.24427481,15.687023,-0.4989624,0.001953125,-1.890564,36.53,0
38,3778,1617,1263,2258,2963,0.14459997,0.85555166,-0.34108326,1301,4,-109.32061,0.24427481,15.687023,-0.2489624,0.001953125,-1.812439,36.53,1
38,3773,1625,1293,2269,3020,0.14739724,0.85455877,-0.37500614,1430,4,-109.32061,0.24427481,15.687023,-0.2489624,0.001953125,-1.812439,36.53,1
38,3785,1634,1313,2310,3045,0.1489388,0.85395193,-0.39393985,1502,4,-109.32061,0.24427481,15.687023,-0.3739624,0.001953125,-1.828064,36.53,1
38,3791,1659,1323,2298,3047,0.14972496,0.8536252,-0.4036697,1539,4,-109.32061,0.24427481,15.687023,-0.2489624,0.001953125,-1.812439,36.53,1
38,3794,1623,1305,2286,3042,0.14993656,0.8535348,-0.40629935,1549,4,-109.32061,0.24427481,15.687023,-0.2489624,0.001953125,-1.812439,36.53,1
39,3788,1642,1301,2284,3043,0.14993656,0.8535348,-0.40629935,1549,4,-109.32061,0.24427481,15.687023,-0.2489624,0.001953125,-1.812439,36.53,0
39,3785,1610,1252,2267,3054,0.14993656,0.8535348,-0.40629935,1549,4,-109.32061,0.24427481,15.687023,-0.2489624,0.001953125,-1.812439,36.53,1
39,3788,1675,1320,2304,3067,0.14993656,0.8535348,-0.40629935,1549,4,-109.32061,0.24427481,15.687023,-0.2489624,0.001953125,-1.812439,36.53,2
39,3787,1718,1370,2315,3046,0.14993656,0.8535348,-0.40629935,1549,4,-109.32061,0.24427481,15.687023,-0.2489624,0.001953125,-1.812439,36.53,1
39,3785,1707,1370,2293,3019,0.14993656,0.8535348,-0.40629935,1549,4,-109.32061,0.24427481,15.687023,-0.2489624,0.001953125,-1.812439,36.53,1
39,3783,1709,1378,2288,3009,0.14993656,0.8535348,-0.40629935,1549,4,-109.32061,0.24427481,15.687023,-0.2489624,0.001953125,-1.812439,36.53,1
39,3782,1702,1371,2283,3005,0.14993656,0.8535348,-0.40629935,1549,4,-109.32061,0.24427481,15.687023,-0.2489624,0.001953125,-1.812439,36.53,1
39,3781,1681,1350,2274,3009,0.14993656,0.8535348,-0.40629935,1549,4,-109.32061,0.24427481,15.687023,-0.2489624,0.001953125,-1.812439,36.53,1
39,3781,1681,1347,2277,3013,0.14993656,0.8535348,-0.40629935,1549,4,-109.32061,0.24427481,15.687023,-0.2489624,0.001953125,-1.812439,36.53,1
39,3782,1695,1361,2285,3012,0.14993656,0.8535348,-0.40629935,1549,4,-109.32061,0.24427481,15.687023,-0.2489624,0.001953125,-1.812439,36.53,1
39,3782,1700,1367,2283,3007,0.14993656,0.8535348,-0.40629935,1549,4,-109.32061,0.24427481,15.687023,-0.2489624,0.001953125,-1.812439,36.53,1
39,3780,1696,1366,2280,3003,0.14993656,0.8535348,-0.40629935,1549,4,-109.32061,0.24427481,15.687023,-0.2489624,0.001953125,-1.812439,36.53,1
39,3781,1693,1361,2279,3005,0.14993656,0.8535348,-0.40629935,1549,4,-109.32061,0.24427481,15.687023,-0.2489624,0.001953125,-1.812439,36.53,1
39,3781,1692,1358,2278,3009,0.14993656,0.8535348,-0.40629935,1549,4,-109.32061,0.24427481,15.687023,-0.2489624,0.001953125,-1.812439,36.53,1
39,3780,1689,1357,2278,3007,0.14993656,0.8535348,-0.40629935,1549,4,-109.32061,0.24427481,15.687023,-0.2489624,0.001953125,-1.812439,36.53,1
40,3779,1686,1356,2273,2997,0.14993656,0.8535348,-0.40629935,1549,4,-109.32061,0.24427481,15.687023,-0.2489624,0.001953125,-1.812439,36.53,1
40,3779,1690,1359,2274,2997,0.14993656,0.8535348,-0.40629935,1549,4,-109.32061,0.24427481,15.687023,-0.2489624,0.001953125,-1.812439,36.53,2
40,3779,1691,1361,2274,2997,0.14993656,0.8535348,-0.40629935,1549,4,-109.32061,0.24427481,15.687023,-0.2489624,0.001953125,-1.812439,36.53,1
40,3823,1669,1353,2271,2998,0.14993656,0.8535348,-0.40629935,1549,4,-109.32061,0.24427481,15.687023,-0.2489624,0.001953125,-1.812439,36.53,1
40,3783,1694,1362,2279,3007,0.14993656,0.8535348,-0.40629935,1549,4,-109.32061,0.24427481,15.687023,-0.2489624,0.001953125,-1.812439,36.53,1
40,3779,1676,1347,2267,3002,0.14993656,0.8535348,-0.40629935,1549,4,-109.32061,0.24427481,15.687023,-0.2489624,0.001953125,-1.812439,36.53,1
40,3779,1681,1350,2270,2999,0.14993656,0.8535348,-0.40629935,1549,4,-109.32061,0.24427481,15.687023,-0.2489624,0.001953125,-1.812439,36.53,1
40,3777,1683,1352,2270,2995,0.14993656,0.8535348,-0.40629935,1549,4,-109.32061,0.24427481,15.687023,-0.2489624,0.001953125,-1.812439,36.53,1
40,3779,1686,1359,2267,2989,0.14993656,0.8535348,-0.40629935,1549,4,-109.32061,0.24427481,15.687023,-0.2489624,0.001953125,-1.812439,36.53,2
40,3778,1687,1361,2266,2985,0.14993656,0.8535348,-0.40629935,1549,4,-109.32061,0.24427481,15.687023,-0.2489624,0.001953125,-1.812439,36.53,2
40,3778,1681,1357,2263,2983,0.14993656,0.8535348,-0.40629935,1549,4,-109.32061,0.24427481,15.687023,-0.2489624,0.001953125,-1.812439,36.53,2
40,3777,1674,1347,2258,2986,0.14993656,0.8535348,-0.40629935,1549,4,-109.32061,0.24427481,15.687023,-0.2489624,0.001953125,-1.812439,36.53,2
40,3777,1674,1347,2260,2988,0.14993656,0.8535348,-0.40629935,1549,4,-109.32061,0.24427481,15.687023,-0.2489624,0.001953125,-1.812439,36.53,2
40,3778,1681,1355,2264,2987,0.14993656,0.8535348,-0.40629935,1549,4,-109.32061,0.24427481,15.687023,-0.2489624,0.001953125,-1.812439,36.53,2
40,3778,1682,1357,2265,2986,0.14993656,0.8535348,-0.40629935,1549,4,-109.32061,0.24427481,15.687023,-0.2489624,0.001953125,-1.812439,36.53,2
41,3777,1681,1355,2263,2990,0.14993656,0.8535348,-0.40629935,1549,4,-109.32061,0.24427481,15.687023,-0.2489624,0.001953125,-1.812439,36.53,2
41,3778,1679,1354,2261,2985,0.14993656,0.8535348,-0.40629935,1549,4,-109.32061,0.24427481,15.687023,-0.2489624,0.001953125,-1.812439,36.53,2
41,3801,1678,1352,2261,2985,0.14993656,0.8535348,-0.40629935,1549,4,-109.32061,0.24427481,15.687023,-0.2489624,0.001953125,-1.812439,36.53,1
41,3779,1678,1353,2262,2986,0.14993656,0.8535348,-0.40629935,1549,4,-109.32061,0.24427481,15.687023,-0.2489624,0.001953125,-1.812439,36.53,2
41,3727,1659,1353,2263,2986,0.14993656,0.8535348,-0.40629935,1549,4,-109.32061,0.24427481,15.687023,-0.2489624,0.001953125,-1.812439,36.53,2
41,3778,1681,1356,2263,2986,0.14993656,0.8535348,-0.40629935,1549,4,-109.32061,0.24427481,15.687023,-0.2489624,0.001953125,-1.812439,36.53,1
41,3778,1681,1355,2262,2985,0.14993656,0.8535348,-0.40629935,1549,4,-109.32061,0.24427481,15.687023,-0.2489624,0.001953125,-1.812439,36.53,2
41,3777,1680,1354,2261,2985,0.14991543,0.85354394,-0.40656233,1549,3,-109.32061,0.24427481,15.687023,-0.2489624,0.001953125,-1.812439,36.53,2
41,3778,1680,1355,2263,2986,0.14993656,0.8535348,-0.40629935,1549,4,-109.32061,0.24427481,15.687023,-0.3739624,0.001953125,-1.828064,36.53,1
41,3777,1680,1354,2263,2985,0.14993656,0.8535348,-0.40629935,1549,4,-109.32061,0.24427481,15.687023,-0.2489624,0.001953125,-1.812439,36.53,2
41,3777,1681,1355,2263,2985,0.14993656,0.8535348,-0.40629935,1549,4,-109.32061,0.24427481,15.687023,-0.2489624,0.001953125,-1.812439,36.53,2
41,3776,1681,1354,2261,2984,0.14993656,0.8535348,-0.40629935,1549,4,-109.32061,0.24427481,15.687023,-0.2489624,0.001953125,-1.812439,36.53,1
41,3778,1681,1355,2263,2984,0.14993656,0.8535348,-0.40629935,1549,4,-109.32061,0.24427481,15.687023,-0.2489624,0.001953125,-1.812439,36.53,2
41,3778,1680,1356,2262,2987,0.14993656,0.8535348,-0.40629935,1549,4,-109.32061,0.24427481,15.687023,-0.2489624,0.001953125,-1.812439,36.53,2
41,3777,1680,1355,2262,2985,0.14993656,0.8535348,-0.40629935,1549,4,-109.32061,0.24427481,15.687023,-0.2489624,0.001953125,-1.812439,36.53,1
41,3777,1682,1355,2262,2984,0.14993656,0.8535348,-0.40629935,1549,4,-109.32061,0.24427481,15.687023,-0.2489624,0.001953125,-1.812439,36.53,2
42,3778,1681,1355,2262,2986,0.14993656,0.8535348,-0.40629935,1549,4,-109.32061,0.24427481,15.687023,-0.2489624,0.001953125,-1.812439,36.53,1
42,3778,1682,1355,2263,2985,0.14993656,0.8535348,-0.40629935,1549,4,-109.32061,0.24427481,15.687023,-0.2489624,0.001953125,-1.812439,36.53,2
42,3777,1681,1355,2262,2985,0.14993656,0.8535348,-0.40629935,1549,4,-109.32061,0.24427481,15.687023,-0.2489624,0.001953125,-1.812439,36.53,2
42,3777,1681,1355,2262,2984,0.14993656,0.8535348,-0.40629935,1549,4,-109.32061,0.24427481,15.687023,-0.2489624,0.001953125,-1.812439,36.53,1
42,3782,1682,1364,2260,2984,0.14993656,0.8535348,-0.40629935,1549,4,-109.32061,0.24427481,15.687023,-0.2489624,0.001953125,-1.812439,36.53,2
42,3777,1681,1356,2263,2985,0.14993656,0.8535348,-0.40629935,1549,4,-109.32061,0.24427481,15.687023,-0.2489624,0.001953125,-1.812439,36.53,2
42,3778,1682,1356,2262,2985,0.14993656,0.8535348,-0.40629935,1549,4,-109.32061,0.24427481,15.687023,-0.2489624,0.001953125,-1.812439,36.53,1
42,3777,1681,1355,2262,2983,0.14993656,0.8535348,-0.40629935,1549,4,-109.32061,0.24427481,15.687023,-0.2489624,0.001953125,-1.812439,36.53,2
42,3775,1682,1357,2264,2985,0.14993656,0.8535348,-0.40629935,1549,4,-109.32061,0.24427481,15.687023,-0.2489624,0.001953125,-1.812439,36.53,2
42,3787,1671,1376,2262,2984,0.14993656,0.8535348,-0.40629935,1549,4,-109.32061,0.24427481,15.687023,-0.2489624,0.001953125,-1.812439,36.53,1
42,3779,1682,1354,2263,2982,0.14995769,0.8535257,-0.40603638,1549,5,-109.32061,0.24427481,15.687023,-0.2489624,0.001953125,-1.812439,36.53,2
42,3775,1682,1359,2248,2971,0.14993654,0.85353476,-0.40629935,1549,4,-109.32061,0.24427481,15.687023,-0.3739624,0.001953125,-1.843689,36.53,1
42,3777,1682,1356,2263,2984,0.14993654,0.85353476,-0.40629935,1549,4,-109.32061,0.24427481,15.687023,-0.3739624,0.001953125,-1.843689,36.53,2
42,3777,1682,1356,2263,2985,0.14993654,0.85353476,-0.40629935,1549,4,-109.32061,0.24427481,15.687023,-0.3739624,0.001953125,-1.843689,36.53,2
42,3789,1696,1408,2263,2985,0.14993654,0.85353476,-0.40629935,1549,4,-109.32061,0.24427481,15.687023,-0.3739624,0.001953125,-1.843689,36.53,1
43,3777,1682,1356,2263,2984,0.14993654,0.85353476,-0.40629935,1549,4,-109.32061,0.24427481,15.687023,-0.3739624,0.001953125,-1.843689,36.53,2
43,3778,1682,1358,2263,2983,0.14993654,0.85353476,-0.40629935,1549,4,-109.32061,0.24427481,15.687023,-0.3739624,0.001953125,-1.843689,36.53,2
43,3778,1683,1358,2262,2985,0.14993654,0.85353476,-0.40629935,1549,4,-109.32061,0.24427481,15.687023,-0.3739624,0.001953125,-1.843689,36.53,1
43,3777,1681,1357,2263,2985,0.14993654,0.85353476,-0.40629935,1549,4,-109.32061,0.24427481,15.687023,-0.3739624,0.001953125,-1.843689,36.53,2
43,3778,1682,1358,2263,2985,0.14991541,0.8535439,-0.40603638,1548,4,-109.32061,0.24427481,15.687023,-0.3739624,0.001953125,-1.843689,36.53,1
43,3778,1682,1356,2262,2985,0.14991541,0.8535439,-0.40603638,1548,4,-109.32061,0.24427481,15.687023,-0.3739624,0.001953125,-1.843689,36.53,2
43,3777,1682,1357,2263,2983,0.14993656,0.8535348,-0.40629935,1549,4,-109.32061,0.24427481,15.687023,-0.3739624,0.001953125,-1.843689,36.53,2
43,3778,1683,1357,2263,2984,0.14993656,0.8535348,-0.40629935,1549,4,-109.32061,0.24427481,15.687023,-0.2489624,0.001953125,-1.812439,36.53,1
43,3777,1684,1357,2262,2984,0.14995769,0.8535257,-0.40603638,1549,5,-109.32061,0.24427481,15.687023,-0.2489624,0.001953125,-1.812439,36.53,2
43,3777,1682,1357,2262,2984,0.14993654,0.85353476,-0.40629935,1549,4,-109.32061,0.24427481,15.687023,-0.3739624,0.001953125,-1.843689,36.53,2
43,3776,1683,1359,2264,2980,0.14993654,0.85353476,-0.40629935,1549,4,-109.32061,0.24427481,15.687023,-0.3739624,0.001953125,-1.843689,36.53,1
43,3777,1683,1358,2263,2985,0.14995767,0.85352564,-0.40603638,1549,5,-109.32061,0.24427481,15.687023,-0.3739624,0.001953125,-1.843689,36.53,2
43,3777,1684,1358,2263,2984,0.14993653,0.8535347,-0.40629935,1549,4,-109.32061,0.24427481,15.687023,-0.2489624,0.001953125,-1.812439,36.53,1
43,3778,1683,1357,2263,2985,0.14993653,0.8535347,-0.40629935,1549,4,-109.32061,0.24427481,15.687023,-0.3739624,0.001953125,-1.843689,36.53,2
43,3777,1682,1358,2263,2984,0.14995766,0.8535256,-0.40603638,1549,5,-109.32061,0.24427481,15.687023,-0.3739624,0.001953125,-1.843689,36.53,2
43,3779,1695,1322,2265,2985,0.14993651,0.85353464,-0.40629935,1549,4,-109.32061,0.24427481,15.687023,-0.2489624,0.001953125,-1.812439,36.53,1
44,3778,1683,1358,2262,2983,0.14993651,0.85353464,-0.40629935,1549,4,-109.32061,0.24427481,15.687023,-0.2489624,0.001953125,-1.812439,36.53,2
44,3777,1682,1359,2263,2985,0.14993651,0.85353464,-0.40629935,1549,4,-109.32061,0.24427481,15.687023,-0.2489624,0.001953125,-1.812439,36.53,2
44,3778,1684,1358,2263,2984,0.14993651,0.85353464,-0.40629935,1549,4,-109.32061,0.24427481,15.687023,-0.2489624,0.001953125,-1.812439,36.53,1
44,3778,1682,1358,2263,2984,0.14991538,0.85354376,-0.40603638,1548,4,-109.32061,0.24427481,15.687023,-0.2489624,0.001953125,-1.812439,36.53,2
44,3775,1684,1361,2265,2983,0.14993653,0.8535347,-0.40629935,1549,4,-109.32061,0.24427481,15.687023,-0.3739624,0.001953125,-1.843689,36.53,2
44,3778,1684,1358,2263,2984,0.14993653,0.8535347,-0.40629935,1549,4,-109.32061,0.24427481,15.687023,-0.3739624,0.001953125,-1.843689,36.53,1
44,3779,1632,1350,2265,2984,0.14993653,0.8535347,-0.40629935,1549,4,-109.32061,0.24427481,15.687023,-0.3739624,0.001953125,-1.843689,36.53,2
44,3777,1684,1359,2263,2983,0.14993653,0.8535347,-0.40629935,1549,4,-109.32061,0.24427481,15.687023,-0.3739624,0.001953125,-1.843689,36.53,1
44,3777,1682,1359,2263,2984,0.14993653,0.8535347,-0.40629935,1549,4,-109.32061,0.24427481,15.687023,-0.3739624,0.001953125,-1.843689,36.53,2
44,3777,1685,1359,2263,2985,0.14993653,0.8535347,-0.40629935,1549,4,-109.32061,0.24427481,15.687023,-0.3739624,0.001953125,-1.843689,36.53,2
44,3778,1684,1359,2262,2984,0.14993653,0.8535347,-0.40629935,1549,4,-109.32061,0.24427481,15.687023,-0.3739624,0.001953125,-1.843689,36.53,1
44,3778,1683,1359,2263,2983,0.14993653,0.8535347,-0.40629935,1549,4,-109.32061,0.24427481,15.687023,-0.3739624,0.001953125,-1.843689,36.53,2
44,3777,1683,1359,2263,2983,0.14993653,0.8535347,-0.40629935,1549,4,-109.32061,0.24427481,15.687023,-0.3739624,0.001953125,-1.843689,36.53,2
44,3776,1685,1358,2263,2984,0.14993653,0.8535347,-0.40629935,1549,4,-109.32061,0.24427481,15.687023,-0.3739624,0.001953125,-1.843689,36.53,1
44,3777,1683,1359,2264,2983,0.1499154,0.8535438,-0.40603638,1548,4,-109.32061,0.24427481,15.687023,-0.3739624,0.001953125,-1.843689,36.53,2
45,3777,1683,1360,2263,2984,0.14993654,0.85353476,-0.40629935,1549,4,-109.32061,0.24427481,15.687023,-0.2489624,0.001953125,-1.812439,36.53,2
45,3777,1683,1359,2263,2984,0.14993654,0.85353476,-0.40629935,1549,4,-109.32061,0.24427481,15.687023,-0.3739624,0.001953125,-1.843689,36.53,1
45,3776,1684,1359,2263,2984,0.14993654,0.85353476,-0.40629935,1549,4,-109.32061,0.24427481,15.687023,-0.3739624,0.001953125,-1.843689,36.53,2
45,3777,1684,1359,2263,2983,0.14993654,0.85353476,-0.40629935,1549,4,-109.32061,0.24427481,15.687023,-0.3739624,0.001953125,-1.843689,36.53,1
45,3793,1636,1444,2263,2984,0.14995767,0.85352564,-0.40603638,1549,5,-109.32061,0.24427481,15.687023,-0.3739624,0.001953125,-1.843689,36.53,2
45,3777,1684,1359,2263,2983,0.1499154,0.8535438,-0.40603638,1548,4,-109.32061,0.24427481,15.687023,-0.2489624,0.001953125,-1.812439,36.53,2
45,3778,1685,1359,2263,2983,0.14993654,0.85353476,-0.40629935,1549,4,-109.32061,0.24427481,15.687023,-0.2489624,0.001953125,-1.812439,36.53,1
45,3778,1684,1359,2263,2983,0.14993654,0.85353476,-0.40629935,1549,4,-109.32061,0.24427481,15.687023,-0.3739624,0.001953125,-1.843689,36.53,2
45,3778,1684,1360,2263,2986,0.14993654,0.85353476,-0.40629935,1549,4,-109.32061,0.24427481,15.687023,-0.3739624,0.001953125,-1.843689,36.53,2
45,3778,1686,1361,2263,2983,0.14993654,0.85353476,-0.40629935,1549,4,-109.32061,0.24427481,15.687023,-0.3739624,0.001953125,-1.843689,36.53,1
45,3777,1685,1359,2263,2983,0.14993654,0.85353476,-0.40629935,1549,4,-109.32061,0.24427481,15.687023,-0.3739624,0.001953125,-1.843689,36.53,2
45,3779,1685,1359,2264,2987,0.14991541,0.8535439,-0.40603638,1548,4,-109.32061,0.24427481,15.687023,-0.3739624,0.001953125,-1.843689,36.53,1
45,3778,1684,1359,2263,2984,0.14993656,0.8535348,-0.40629935,1549,4,-109.32061,0.24427481,15.687023,-0.3739624,0.001953125,-1.843689,36.53,2
